season,round,event_name,session_code,driver,team,lap_number,stint,compound,tyre_life,lap_time_s,sector_1_s,sector_2_s,sector_3_s,speed_i1,speed_i2,speed_fl,speed_st,track_status,fresh_tyre,is_personal_best,is_accurate,deleted,lap_start_time,position,air_temp_c,track_temp_c,humidity_pct,rainfall,wind_speed_mps,wind_direction_deg
2026,10,Belgian Grand Prix,FP1,NOR,McLaren,1.0,1.0,MEDIUM,1.0,,,63.258,46.131,229.0,150.0,,202.0,1,True,False,False,False,2026-07-17 11:36:17.981,,24.0,42.2,43.2,False,2.7,316.0
2026,10,Belgian Grand Prix,FP1,NOR,McLaren,2.0,2.0,SOFT,1.0,,,56.591,43.15,237.0,185.0,,203.0,1,True,False,False,False,2026-07-17 11:38:44.963,,24.0,41.6,43.2,False,2.9,302.0
2026,10,Belgian Grand Prix,FP1,NOR,McLaren,3.0,3.0,SOFT,1.0,,,60.038,38.85,160.0,122.0,218.0,266.0,1,False,False,False,False,2026-07-17 11:46:19.730,,23.9,42.9,43.4,False,1.0,317.0
2026,10,Belgian Grand Prix,FP1,NOR,McLaren,4.0,3.0,SOFT,2.0,110.406,31.488,49.026,29.892,294.0,205.0,163.0,299.0,1,False,True,True,False,2026-07-17 11:55:30.246,,24.4,42.8,41.1,False,2.9,162.0
2026,10,Belgian Grand Prix,FP1,NOR,McLaren,5.0,3.0,SOFT,3.0,,54.395,72.577,35.357,152.0,141.0,205.0,169.0,1,False,False,False,False,2026-07-17 11:57:20.652,,24.6,43.0,40.4,False,1.9,152.0
2026,10,Belgian Grand Prix,FP1,NOR,McLaren,6.0,3.0,SOFT,4.0,108.903,31.406,48.007,29.49,302.0,213.0,202.0,296.0,1,False,True,True,False,2026-07-17 12:00:02.958,,24.5,42.1,42.3,False,0.8,335.0
2026,10,Belgian Grand Prix,FP1,NOR,McLaren,7.0,3.0,SOFT,5.0,,55.887,87.499,39.43,174.0,113.0,204.0,170.0,1,False,False,False,False,2026-07-17 12:01:51.861,,24.6,40.9,41.7,False,1.7,312.0
2026,10,Belgian Grand Prix,FP1,NOR,McLaren,8.0,3.0,SOFT,6.0,116.422,31.391,47.741,37.29,299.0,210.0,,299.0,1,False,False,False,False,2026-07-17 12:04:54.743,,24.4,39.7,41.8,False,0.7,315.0
2026,10,Belgian Grand Prix,FP1,NOR,McLaren,9.0,4.0,SOFT,1.0,,,54.862,34.249,285.0,178.0,217.0,229.0,1,True,False,False,False,2026-07-17 12:06:51.165,,24.2,39.9,42.0,False,3.7,313.0
2026,10,Belgian Grand Prix,FP1,NOR,McLaren,10.0,4.0,SOFT,2.0,107.931,30.972,47.78,29.179,302.0,211.0,172.0,304.0,1,True,True,True,False,2026-07-17 12:15:16.969,,23.9,39.6,43.7,False,0.0,0.0
2026,10,Belgian Grand Prix,FP1,NOR,McLaren,11.0,4.0,SOFT,3.0,,52.399,87.365,38.907,104.0,113.0,216.0,164.0,1,True,False,False,False,2026-07-17 12:17:04.900,,23.9,39.5,45.4,False,0.9,176.0
2026,10,Belgian Grand Prix,FP1,NOR,McLaren,12.0,4.0,SOFT,4.0,108.592,31.198,47.705,29.689,300.0,213.0,165.0,301.0,1,True,False,True,False,2026-07-17 12:20:03.611,,24.1,38.7,43.6,False,2.3,114.0
2026,10,Belgian Grand Prix,FP1,NOR,McLaren,13.0,4.0,SOFT,5.0,117.753,38.987,48.629,30.137,301.0,206.0,204.0,281.0,1,True,False,True,False,2026-07-17 12:21:52.203,,24.2,38.2,43.7,False,1.7,293.0
2026,10,Belgian Grand Prix,FP1,NOR,McLaren,14.0,4.0,SOFT,6.0,111.284,32.761,48.724,29.799,304.0,207.0,218.0,286.0,1,True,False,True,False,2026-07-17 12:23:49.956,,24.3,38.3,40.1,False,2.3,320.0
2026,10,Belgian Grand Prix,FP1,NOR,McLaren,15.0,4.0,SOFT,7.0,109.949,31.537,48.723,29.689,307.0,209.0,218.0,296.0,1,True,False,True,False,2026-07-17 12:25:41.240,,24.2,38.5,39.3,False,3.5,321.0
2026,10,Belgian Grand Prix,FP1,NOR,McLaren,16.0,4.0,SOFT,8.0,112.669,31.583,50.392,30.694,311.0,198.0,218.0,299.0,12,True,False,True,False,2026-07-17 12:27:31.189,,24.2,38.3,39.8,False,3.3,315.0
2026,10,Belgian Grand Prix,FP1,NOR,McLaren,17.0,4.0,SOFT,9.0,112.946,32.098,50.847,30.001,313.0,205.0,198.0,294.0,1,True,False,True,False,2026-07-17 12:29:23.858,,24.0,37.8,40.3,False,2.7,321.0
2026,10,Belgian Grand Prix,FP1,NOR,McLaren,18.0,4.0,SOFT,10.0,144.588,40.212,62.823,41.553,209.0,151.0,75.0,220.0,1,True,False,True,False,2026-07-17 12:31:16.804,,23.9,37.6,39.8,False,2.0,328.0
2026,10,Belgian Grand Prix,FP1,NOR,McLaren,19.0,4.0,SOFT,11.0,,68.013,50.543,42.504,299.0,159.0,,291.0,12,True,False,False,False,2026-07-17 12:33:41.392,,23.8,36.7,40.8,False,1.2,329.0
2026,10,Belgian Grand Prix,FP1,VER,Red Bull Racing,1.0,1.0,MEDIUM,1.0,,,65.855,36.185,199.0,144.0,221.0,232.0,1,True,False,False,False,2026-07-17 11:30:56.400,,23.7,41.1,45.4,False,2.2,317.0
2026,10,Belgian Grand Prix,FP1,VER,Red Bull Racing,2.0,1.0,MEDIUM,2.0,109.307,31.174,49.044,29.089,313.0,207.0,202.0,294.0,1,True,True,True,False,2026-07-17 11:33:18.445,,24.1,41.7,43.3,False,1.7,313.0
2026,10,Belgian Grand Prix,FP1,VER,Red Bull Racing,3.0,1.0,MEDIUM,3.0,,56.84,87.75,36.674,169.0,114.0,222.0,172.0,1,True,False,False,False,2026-07-17 11:35:07.752,,24.0,42.6,43.7,False,0.8,342.0
2026,10,Belgian Grand Prix,FP1,VER,Red Bull Racing,4.0,1.0,MEDIUM,4.0,108.237,31.056,48.112,29.069,310.0,209.0,205.0,294.0,1,True,True,True,False,2026-07-17 11:38:09.023,,24.0,41.2,42.7,False,2.2,297.0
2026,10,Belgian Grand Prix,FP1,VER,Red Bull Racing,5.0,1.0,MEDIUM,5.0,,69.489,87.084,48.07,117.0,116.0,221.0,135.0,1,True,False,False,False,2026-07-17 11:39:57.260,,24.1,41.4,43.7,False,2.9,327.0
2026,10,Belgian Grand Prix,FP1,VER,Red Bull Racing,6.0,1.0,MEDIUM,6.0,107.859,31.045,48.055,28.759,310.0,207.0,210.0,292.0,1,True,True,True,False,2026-07-17 11:43:21.912,,24.0,41.0,43.6,False,2.8,318.0
2026,10,Belgian Grand Prix,FP1,VER,Red Bull Racing,7.0,1.0,MEDIUM,7.0,149.219,44.534,65.862,38.823,164.0,174.0,,172.0,1,True,False,False,False,2026-07-17 11:45:09.771,,23.9,41.5,43.4,False,0.8,209.0
2026,10,Belgian Grand Prix,FP1,VER,Red Bull Racing,8.0,2.0,SOFT,1.0,,,63.779,32.676,273.0,187.0,223.0,221.0,1,True,False,False,False,2026-07-17 11:47:38.990,,24.3,43.2,43.0,False,1.7,350.0
2026,10,Belgian Grand Prix,FP1,VER,Red Bull Racing,9.0,2.0,SOFT,2.0,107.07,30.974,47.308,28.788,306.0,213.0,212.0,291.0,1,True,True,True,False,2026-07-17 11:58:42.695,,24.4,42.7,40.6,False,1.2,314.0
2026,10,Belgian Grand Prix,FP1,VER,Red Bull Racing,10.0,2.0,SOFT,3.0,134.93,41.743,55.923,37.264,176.0,197.0,,257.0,1,True,False,False,False,2026-07-17 12:00:29.765,,24.5,42.1,42.3,False,0.8,335.0
2026,10,Belgian Grand Prix,FP1,VER,Red Bull Racing,11.0,3.0,MEDIUM,8.0,,,53.018,32.546,293.0,193.0,209.0,284.0,1,False,False,False,False,2026-07-17 12:02:44.695,,24.5,41.1,41.7,False,1.4,327.0
2026,10,Belgian Grand Prix,FP1,VER,Red Bull Racing,12.0,3.0,MEDIUM,9.0,111.564,31.959,49.949,29.656,303.0,200.0,206.0,293.0,1,False,False,True,False,2026-07-17 12:09:19.432,,24.1,40.0,42.7,False,2.2,314.0
2026,10,Belgian Grand Prix,FP1,VER,Red Bull Racing,13.0,3.0,MEDIUM,10.0,111.694,32.151,49.979,29.564,304.0,196.0,209.0,291.0,1,False,False,True,False,2026-07-17 12:11:10.996,,24.1,38.8,43.1,False,2.3,296.0
2026,10,Belgian Grand Prix,FP1,VER,Red Bull Racing,14.0,3.0,MEDIUM,11.0,111.776,31.89,50.107,29.779,306.0,199.0,209.0,293.0,1,False,False,True,False,2026-07-17 12:13:02.690,,23.9,39.5,43.5,False,0.8,295.0
2026,10,Belgian Grand Prix,FP1,VER,Red Bull Racing,15.0,3.0,MEDIUM,12.0,111.735,31.824,50.125,29.786,307.0,196.0,204.0,293.0,1,False,False,True,False,2026-07-17 12:14:54.466,,23.9,39.6,43.7,False,0.0,0.0
2026,10,Belgian Grand Prix,FP1,VER,Red Bull Racing,16.0,3.0,MEDIUM,13.0,112.673,31.985,50.695,29.993,310.0,192.0,203.0,288.0,1,False,False,True,False,2026-07-17 12:16:46.201,,23.9,39.5,45.4,False,0.9,176.0
2026,10,Belgian Grand Prix,FP1,VER,Red Bull Racing,17.0,3.0,MEDIUM,14.0,112.826,32.139,50.635,30.052,309.0,197.0,206.0,287.0,1,False,False,True,False,2026-07-17 12:18:38.874,,24.0,39.2,44.3,False,1.0,138.0
2026,10,Belgian Grand Prix,FP1,VER,Red Bull Racing,18.0,3.0,MEDIUM,15.0,112.83,31.93,50.727,30.173,314.0,194.0,204.0,289.0,1,False,False,True,False,2026-07-17 12:20:31.700,,24.1,38.7,43.6,False,2.3,114.0
2026,10,Belgian Grand Prix,FP1,VER,Red Bull Racing,19.0,3.0,MEDIUM,16.0,113.183,32.085,50.926,30.172,310.0,192.0,204.0,287.0,1,False,False,True,False,2026-07-17 12:22:24.530,,24.2,38.2,43.7,False,1.7,293.0
2026,10,Belgian Grand Prix,FP1,VER,Red Bull Racing,20.0,3.0,MEDIUM,17.0,112.987,32.009,50.992,29.986,309.0,189.0,205.0,288.0,1,False,False,True,False,2026-07-17 12:24:17.713,,24.3,38.3,40.1,False,2.3,320.0
2026,10,Belgian Grand Prix,FP1,VER,Red Bull Racing,21.0,3.0,MEDIUM,18.0,120.37,32.321,52.243,35.806,305.0,180.0,,287.0,1,False,False,False,False,2026-07-17 12:26:10.700,,24.2,38.5,39.3,False,3.5,321.0
2026,10,Belgian Grand Prix,FP1,VER,Red Bull Racing,22.0,4.0,SOFT,4.0,128.326,48.012,50.386,29.928,310.0,188.0,208.0,286.0,12,False,False,False,False,2026-07-17 12:28:11.070,,24.2,38.3,39.8,False,3.3,315.0
2026,10,Belgian Grand Prix,FP1,VER,Red Bull Racing,23.0,4.0,SOFT,5.0,144.933,40.585,54.385,49.963,269.0,181.0,77.0,226.0,1,False,False,True,False,2026-07-17 12:30:19.396,,24.0,37.8,39.7,False,2.6,329.0
2026,10,Belgian Grand Prix,FP1,VER,Red Bull Racing,24.0,4.0,SOFT,6.0,,70.562,56.922,37.712,302.0,190.0,,282.0,1,False,False,False,False,2026-07-17 12:32:44.329,,23.7,36.7,41.1,False,1.6,292.0
2026,10,Belgian Grand Prix,FP1,BOR,Audi,1.0,1.0,HARD,1.0,,,56.92,51.165,259.0,171.0,208.0,237.0,1,True,False,False,False,2026-07-17 11:31:17.900,,23.7,41.1,45.4,False,2.2,317.0
2026,10,Belgian Grand Prix,FP1,BOR,Audi,2.0,1.0,HARD,2.0,110.992,31.651,49.542,29.799,299.0,201.0,173.0,301.0,1,True,True,True,False,2026-07-17 11:34:06.498,,24.0,42.2,43.6,False,1.6,349.0
2026,10,Belgian Grand Prix,FP1,BOR,Audi,3.0,1.0,HARD,3.0,,47.522,72.831,47.985,170.0,158.0,213.0,214.0,1,True,False,False,False,2026-07-17 11:35:57.490,,24.0,42.2,43.2,False,2.7,316.0
2026,10,Belgian Grand Prix,FP1,BOR,Audi,4.0,1.0,HARD,4.0,110.166,31.479,49.125,29.562,294.0,206.0,186.0,304.0,1,True,True,True,False,2026-07-17 11:38:45.950,,24.0,41.6,43.2,False,2.9,302.0
2026,10,Belgian Grand Prix,FP1,BOR,Audi,5.0,1.0,HARD,5.0,,50.751,74.067,54.312,144.0,147.0,213.0,183.0,1,True,False,False,False,2026-07-17 11:40:36.116,,24.1,40.3,43.5,False,1.9,313.0
2026,10,Belgian Grand Prix,FP1,BOR,Audi,6.0,1.0,HARD,6.0,109.825,31.626,48.69,29.509,298.0,205.0,170.0,303.0,1,True,True,True,False,2026-07-17 11:43:35.135,,24.0,40.9,43.0,False,0.9,308.0
2026,10,Belgian Grand Prix,FP1,BOR,Audi,7.0,1.0,HARD,7.0,,50.143,70.973,39.967,156.0,98.0,216.0,187.0,1,True,False,False,False,2026-07-17 11:45:24.960,,23.9,41.5,43.4,False,0.8,209.0
2026,10,Belgian Grand Prix,FP1,BOR,Audi,8.0,1.0,HARD,8.0,109.24,31.371,48.681,29.188,300.0,204.0,200.0,306.0,1,True,True,True,False,2026-07-17 11:48:06.077,,24.3,43.2,43.0,False,1.7,350.0
2026,10,Belgian Grand Prix,FP1,BOR,Audi,9.0,1.0,HARD,9.0,138.907,39.383,61.542,37.982,239.0,191.0,,244.0,1,True,False,False,False,2026-07-17 11:49:55.317,,24.3,42.9,43.2,False,1.8,54.0
2026,10,Belgian Grand Prix,FP1,BOR,Audi,10.0,2.0,SOFT,1.0,,,59.855,38.397,265.0,143.0,216.0,258.0,1,True,False,False,False,2026-07-17 11:52:14.224,,24.3,43.1,41.8,False,2.2,62.0
2026,10,Belgian Grand Prix,FP1,BOR,Audi,11.0,2.0,SOFT,2.0,108.406,31.189,48.078,29.139,302.0,206.0,203.0,305.0,1,True,True,True,False,2026-07-17 12:03:41.683,,24.4,39.7,41.8,False,0.7,315.0
2026,10,Belgian Grand Prix,FP1,BOR,Audi,12.0,2.0,SOFT,3.0,,60.572,84.797,41.12,106.0,128.0,217.0,142.0,1,True,False,False,False,2026-07-17 12:05:30.089,,24.4,39.7,41.8,False,0.7,315.0
2026,10,Belgian Grand Prix,FP1,BOR,Audi,13.0,2.0,SOFT,4.0,114.372,31.35,48.48,34.542,298.0,205.0,,306.0,1,True,False,False,False,2026-07-17 12:08:36.700,,24.1,40.0,42.7,False,2.2,314.0
2026,10,Belgian Grand Prix,FP1,BOR,Audi,14.0,3.0,SOFT,5.0,,77.1,50.061,29.511,281.0,205.0,213.0,272.0,1,False,False,False,False,2026-07-17 12:10:31.072,,24.1,39.9,42.9,False,1.9,323.0
2026,10,Belgian Grand Prix,FP1,BOR,Audi,15.0,3.0,SOFT,6.0,110.756,31.73,49.35,29.676,304.0,200.0,212.0,300.0,1,False,False,True,False,2026-07-17 12:13:07.673,,23.9,39.5,43.5,False,0.8,295.0
2026,10,Belgian Grand Prix,FP1,BOR,Audi,16.0,3.0,SOFT,7.0,110.547,31.456,49.511,29.58,306.0,198.0,212.0,306.0,1,False,False,True,False,2026-07-17 12:14:58.429,,23.9,39.6,43.7,False,0.0,0.0
2026,10,Belgian Grand Prix,FP1,BOR,Audi,17.0,3.0,SOFT,8.0,110.895,31.446,49.654,29.795,309.0,196.0,210.0,304.0,1,False,False,True,False,2026-07-17 12:16:48.976,,23.9,39.5,45.4,False,0.9,176.0
2026,10,Belgian Grand Prix,FP1,BOR,Audi,18.0,3.0,SOFT,9.0,136.097,38.367,61.521,36.209,231.0,191.0,,244.0,1,False,False,False,False,2026-07-17 12:18:39.871,,24.0,39.2,44.3,False,1.0,138.0
2026,10,Belgian Grand Prix,FP1,HAD,Red Bull Racing,1.0,1.0,SOFT,1.0,,,55.178,42.813,251.0,175.0,220.0,246.0,1,True,False,False,False,2026-07-17 11:31:14.634,,23.7,41.1,45.4,False,2.2,317.0
2026,10,Belgian Grand Prix,FP1,HAD,Red Bull Racing,2.0,1.0,SOFT,2.0,108.918,31.189,48.483,29.246,310.0,201.0,195.0,292.0,1,True,True,True,False,2026-07-17 11:33:30.181,,24.1,41.7,43.3,False,1.7,313.0
2026,10,Belgian Grand Prix,FP1,HAD,Red Bull Racing,3.0,1.0,SOFT,3.0,,65.19,77.683,46.983,137.0,134.0,215.0,135.0,1,True,False,False,False,2026-07-17 11:35:19.099,,24.0,42.6,43.7,False,0.8,342.0
2026,10,Belgian Grand Prix,FP1,HAD,Red Bull Racing,4.0,1.0,SOFT,4.0,108.464,31.502,47.721,29.241,305.0,211.0,206.0,291.0,1,True,True,True,False,2026-07-17 11:38:28.848,,24.0,41.2,42.7,False,2.2,297.0
2026,10,Belgian Grand Prix,FP1,HAD,Red Bull Racing,5.0,1.0,SOFT,5.0,,58.668,81.939,50.861,190.0,81.0,221.0,181.0,1,True,False,False,False,2026-07-17 11:40:17.312,,24.1,41.4,43.7,False,2.9,327.0
2026,10,Belgian Grand Prix,FP1,HAD,Red Bull Racing,6.0,1.0,SOFT,6.0,107.778,31.187,47.64,28.951,307.0,208.0,207.0,291.0,1,True,True,True,False,2026-07-17 11:43:28.831,,24.0,41.0,43.6,False,2.8,318.0
2026,10,Belgian Grand Prix,FP1,HAD,Red Bull Racing,7.0,1.0,SOFT,7.0,140.662,36.611,63.102,40.949,168.0,156.0,,224.0,1,True,False,False,False,2026-07-17 11:45:16.609,,23.9,41.5,43.4,False,0.8,209.0
2026,10,Belgian Grand Prix,FP1,HAD,Red Bull Racing,8.0,2.0,SOFT,1.0,,,59.558,39.435,284.0,156.0,221.0,204.0,1,True,False,False,False,2026-07-17 11:47:37.271,,24.3,43.2,43.0,False,1.7,350.0
2026,10,Belgian Grand Prix,FP1,HAD,Red Bull Racing,9.0,2.0,SOFT,2.0,107.322,30.983,47.503,28.836,306.0,209.0,208.0,294.0,1,True,True,True,False,2026-07-17 11:58:02.308,,24.5,42.5,40.8,False,0.4,101.0
2026,10,Belgian Grand Prix,FP1,HAD,Red Bull Racing,10.0,2.0,SOFT,3.0,,70.89,85.31,38.988,158.0,134.0,222.0,131.0,1,True,False,False,False,2026-07-17 11:59:49.630,,24.5,42.1,42.3,False,0.8,335.0
2026,10,Belgian Grand Prix,FP1,HAD,Red Bull Racing,11.0,2.0,SOFT,4.0,107.633,31.295,47.495,28.843,302.0,214.0,202.0,290.0,1,True,False,True,False,2026-07-17 12:03:04.849,,24.5,41.1,41.7,False,1.4,327.0
2026,10,Belgian Grand Prix,FP1,HAD,Red Bull Racing,12.0,2.0,SOFT,5.0,145.851,39.351,62.472,44.028,164.0,141.0,,231.0,1,True,False,False,False,2026-07-17 12:04:52.482,,24.4,39.7,41.8,False,0.7,315.0
2026,10,Belgian Grand Prix,FP1,HAD,Red Bull Racing,13.0,3.0,SOFT,6.0,,,50.827,36.473,311.0,192.0,195.0,288.0,1,False,False,False,False,2026-07-17 12:07:18.333,,24.2,39.9,42.0,False,3.7,313.0
2026,10,Belgian Grand Prix,FP1,HAD,Red Bull Racing,14.0,3.0,SOFT,7.0,112.402,32.756,49.996,29.65,302.0,196.0,208.0,286.0,1,False,False,True,False,2026-07-17 12:15:44.452,,23.9,39.5,45.4,False,0.9,176.0
2026,10,Belgian Grand Prix,FP1,HAD,Red Bull Racing,15.0,3.0,SOFT,8.0,111.776,31.804,50.38,29.592,309.0,193.0,207.0,293.0,1,False,False,True,False,2026-07-17 12:17:36.854,,23.9,39.4,44.7,False,1.7,155.0
2026,10,Belgian Grand Prix,FP1,HAD,Red Bull Racing,16.0,3.0,SOFT,9.0,112.43,32.205,50.397,29.828,304.0,199.0,211.0,289.0,1,False,False,True,False,2026-07-17 12:19:28.630,,24.0,39.2,44.3,False,1.0,138.0
2026,10,Belgian Grand Prix,FP1,HAD,Red Bull Racing,17.0,3.0,SOFT,10.0,112.223,31.9,50.455,29.868,308.0,186.0,207.0,291.0,1,False,False,True,False,2026-07-17 12:21:21.060,,24.2,39.0,43.2,False,0.9,171.0
2026,10,Belgian Grand Prix,FP1,HAD,Red Bull Racing,18.0,3.0,SOFT,11.0,112.554,31.967,50.696,29.891,310.0,190.0,207.0,288.0,1,False,False,True,False,2026-07-17 12:23:13.283,,24.3,38.5,42.6,False,2.3,300.0
2026,10,Belgian Grand Prix,FP1,HAD,Red Bull Racing,19.0,3.0,SOFT,12.0,112.816,31.95,50.955,29.911,311.0,186.0,207.0,287.0,1,False,False,True,False,2026-07-17 12:25:05.837,,24.2,39.2,38.8,False,2.9,315.0
2026,10,Belgian Grand Prix,FP1,HAD,Red Bull Racing,20.0,3.0,SOFT,13.0,112.862,32.032,51.165,29.665,315.0,191.0,207.0,286.0,12,False,False,True,False,2026-07-17 12:26:58.653,,24.2,38.3,39.8,False,3.3,315.0
2026,10,Belgian Grand Prix,FP1,HAD,Red Bull Racing,21.0,3.0,SOFT,14.0,113.659,31.662,52.037,29.96,324.0,189.0,207.0,293.0,1,False,False,True,False,2026-07-17 12:28:51.515,,24.0,37.8,40.3,False,2.7,321.0
2026,10,Belgian Grand Prix,FP1,HAD,Red Bull Racing,22.0,3.0,SOFT,15.0,,48.84,69.778,50.884,149.0,145.0,53.0,161.0,1,False,False,False,False,2026-07-17 12:30:45.174,,23.9,37.6,39.8,False,2.0,328.0
2026,10,Belgian Grand Prix,FP1,HAD,Red Bull Racing,23.0,3.0,SOFT,16.0,,80.867,73.044,48.251,128.0,148.0,,168.0,12,False,False,False,False,2026-07-17 12:33:34.796,,23.8,36.7,40.8,False,1.2,329.0
2026,10,Belgian Grand Prix,FP1,GAS,Alpine,1.0,1.0,HARD,1.0,,,60.319,33.578,241.0,167.0,203.0,210.0,1,True,False,False,False,2026-07-17 11:32:15.289,,23.9,41.7,44.5,False,2.2,329.0
2026,10,Belgian Grand Prix,FP1,GAS,Alpine,2.0,1.0,HARD,2.0,112.228,32.092,50.24,29.896,303.0,204.0,192.0,296.0,1,True,True,True,False,2026-07-17 11:34:27.363,,24.0,42.2,43.6,False,1.6,349.0
2026,10,Belgian Grand Prix,FP1,GAS,Alpine,3.0,1.0,HARD,3.0,,42.953,77.666,39.766,244.0,129.0,208.0,205.0,1,True,False,False,False,2026-07-17 11:36:19.591,,24.0,42.2,43.2,False,2.7,316.0
2026,10,Belgian Grand Prix,FP1,GAS,Alpine,4.0,1.0,HARD,4.0,111.608,31.942,49.921,29.745,303.0,204.0,190.0,306.0,1,True,True,True,False,2026-07-17 11:38:59.961,,24.0,41.6,43.2,False,2.9,302.0
2026,10,Belgian Grand Prix,FP1,GAS,Alpine,5.0,1.0,HARD,5.0,,54.442,71.722,42.89,179.0,85.0,199.0,173.0,1,True,False,False,False,2026-07-17 11:40:51.569,,24.1,40.3,43.5,False,1.9,313.0
2026,10,Belgian Grand Prix,FP1,GAS,Alpine,6.0,1.0,HARD,6.0,111.286,31.832,49.887,29.567,305.0,199.0,189.0,306.0,1,True,True,True,False,2026-07-17 11:43:40.706,,24.0,40.9,43.0,False,0.9,308.0
2026,10,Belgian Grand Prix,FP1,GAS,Alpine,7.0,1.0,HARD,7.0,,47.764,78.382,41.608,176.0,155.0,,178.0,1,True,False,False,False,2026-07-17 11:45:31.992,,23.9,41.5,43.4,False,0.8,209.0
2026,10,Belgian Grand Prix,FP1,GAS,Alpine,8.0,2.0,HARD,8.0,,79.512,60.02,33.852,251.0,158.0,211.0,262.0,1,False,False,False,False,2026-07-17 11:48:19.822,,24.3,43.2,43.0,False,1.7,350.0
2026,10,Belgian Grand Prix,FP1,GAS,Alpine,9.0,2.0,HARD,9.0,110.511,31.745,49.529,29.237,298.0,207.0,192.0,308.0,1,False,True,True,False,2026-07-17 11:51:13.057,,24.3,42.9,41.7,False,2.8,152.0
2026,10,Belgian Grand Prix,FP1,GAS,Alpine,10.0,2.0,HARD,10.0,144.916,38.285,65.215,41.416,264.0,165.0,,233.0,1,False,False,False,False,2026-07-17 11:53:03.568,,24.4,42.6,41.4,False,3.7,150.0
2026,10,Belgian Grand Prix,FP1,GAS,Alpine,11.0,3.0,SOFT,1.0,,,57.83,39.274,280.0,175.0,210.0,246.0,1,True,False,False,False,2026-07-17 11:55:28.484,,24.4,42.8,41.1,False,2.9,162.0
2026,10,Belgian Grand Prix,FP1,GAS,Alpine,12.0,3.0,SOFT,2.0,109.712,31.439,48.638,29.635,303.0,208.0,189.0,309.0,1,True,True,True,False,2026-07-17 12:03:35.615,,24.4,39.7,41.8,False,0.7,315.0
2026,10,Belgian Grand Prix,FP1,GAS,Alpine,13.0,3.0,SOFT,3.0,,51.538,79.244,39.717,164.0,159.0,205.0,169.0,1,True,False,False,False,2026-07-17 12:05:25.327,,24.4,39.7,41.8,False,0.7,315.0
2026,10,Belgian Grand Prix,FP1,GAS,Alpine,14.0,3.0,SOFT,4.0,117.748,31.836,49.21,36.702,301.0,204.0,,308.0,1,True,False,False,False,2026-07-17 12:08:15.826,,24.1,40.0,42.7,False,2.2,314.0
2026,10,Belgian Grand Prix,FP1,GAS,Alpine,15.0,4.0,HARD,11.0,,,54.51,32.073,264.0,177.0,219.0,216.0,1,False,False,False,False,2026-07-17 12:10:13.574,,24.1,39.9,42.9,False,1.9,323.0
2026,10,Belgian Grand Prix,FP1,GAS,Alpine,16.0,4.0,HARD,12.0,113.528,31.654,51.456,30.418,309.0,197.0,212.0,298.0,1,False,False,True,False,2026-07-17 12:18:30.458,,23.9,39.4,44.7,False,1.7,155.0
2026,10,Belgian Grand Prix,FP1,GAS,Alpine,17.0,4.0,HARD,13.0,113.759,31.882,51.504,30.373,307.0,190.0,214.0,298.0,1,False,False,True,False,2026-07-17 12:20:23.986,,24.1,38.7,43.6,False,2.3,114.0
2026,10,Belgian Grand Prix,FP1,GAS,Alpine,18.0,4.0,HARD,14.0,114.112,31.801,51.843,30.468,311.0,191.0,215.0,299.0,1,False,False,True,False,2026-07-17 12:22:17.745,,24.2,38.2,43.7,False,1.7,293.0
2026,10,Belgian Grand Prix,FP1,GAS,Alpine,19.0,4.0,HARD,15.0,114.168,32.13,51.576,30.462,305.0,194.0,214.0,293.0,1,False,False,True,False,2026-07-17 12:24:11.857,,24.3,38.3,40.1,False,2.3,320.0
2026,10,Belgian Grand Prix,FP1,GAS,Alpine,20.0,4.0,HARD,16.0,113.835,32.006,51.468,30.361,306.0,193.0,214.0,294.0,1,False,False,True,False,2026-07-17 12:26:06.025,,24.2,38.5,39.3,False,3.5,321.0
2026,10,Belgian Grand Prix,FP1,GAS,Alpine,21.0,4.0,HARD,17.0,118.691,34.966,52.762,30.963,231.0,195.0,210.0,296.0,12,False,False,True,False,2026-07-17 12:27:59.860,,24.2,38.3,39.8,False,3.3,315.0
2026,10,Belgian Grand Prix,FP1,GAS,Alpine,22.0,4.0,HARD,18.0,114.436,32.222,51.743,30.471,306.0,190.0,215.0,293.0,1,False,False,True,False,2026-07-17 12:29:58.551,,24.0,37.8,39.7,False,2.6,329.0
2026,10,Belgian Grand Prix,FP1,GAS,Alpine,23.0,4.0,HARD,19.0,122.344,31.959,51.855,38.53,306.0,183.0,,294.0,1,False,False,False,False,2026-07-17 12:31:52.987,,23.8,37.0,40.4,False,1.5,311.0
2026,10,Belgian Grand Prix,FP1,PER,Cadillac,1.0,1.0,HARD,1.0,,,57.004,33.541,244.0,177.0,214.0,243.0,1,True,False,False,False,2026-07-17 11:30:05.849,,23.6,41.2,45.0,False,1.5,330.0
2026,10,Belgian Grand Prix,FP1,PER,Cadillac,2.0,1.0,HARD,2.0,113.734,32.161,51.085,30.488,290.0,196.0,185.0,295.0,1,True,True,True,False,2026-07-17 11:32:10.966,,23.9,41.7,44.5,False,2.2,329.0
2026,10,Belgian Grand Prix,FP1,PER,Cadillac,3.0,1.0,HARD,3.0,145.232,40.122,71.535,33.575,262.0,152.0,217.0,264.0,1,True,False,True,False,2026-07-17 11:34:04.700,,24.0,42.2,43.6,False,1.6,349.0
2026,10,Belgian Grand Prix,FP1,PER,Cadillac,4.0,1.0,HARD,4.0,112.031,31.724,50.105,30.202,294.0,198.0,182.0,298.0,1,True,True,True,False,2026-07-17 11:36:29.932,,24.0,42.2,43.2,False,2.7,316.0
2026,10,Belgian Grand Prix,FP1,PER,Cadillac,5.0,1.0,HARD,5.0,,43.008,75.497,43.699,121.0,134.0,,282.0,1,True,False,False,False,2026-07-17 11:38:21.963,,24.0,41.2,42.7,False,2.2,297.0
2026,10,Belgian Grand Prix,FP1,PER,Cadillac,6.0,2.0,HARD,6.0,,,59.603,39.727,204.0,146.0,212.0,228.0,1,False,False,False,False,2026-07-17 11:41:04.273,,24.1,40.3,43.5,False,1.9,313.0
2026,10,Belgian Grand Prix,FP1,PER,Cadillac,7.0,2.0,HARD,7.0,112.035,31.675,50.441,29.919,294.0,199.0,211.0,300.0,1,False,False,True,False,2026-07-17 11:47:37.252,,24.3,43.2,43.0,False,1.7,350.0
2026,10,Belgian Grand Prix,FP1,PER,Cadillac,8.0,2.0,HARD,8.0,147.67,46.626,64.769,36.275,243.0,153.0,215.0,262.0,1,False,False,True,False,2026-07-17 11:49:29.287,,24.4,42.9,41.6,False,0.4,327.0
2026,10,Belgian Grand Prix,FP1,PER,Cadillac,9.0,2.0,HARD,9.0,111.852,31.682,50.132,30.038,295.0,203.0,209.0,300.0,1,False,True,True,False,2026-07-17 11:51:56.957,,24.3,43.1,41.8,False,2.2,62.0
2026,10,Belgian Grand Prix,FP1,PER,Cadillac,10.0,2.0,HARD,10.0,139.218,39.415,58.28,41.523,239.0,137.0,,213.0,1,False,False,False,False,2026-07-17 11:53:48.809,,24.4,42.8,41.1,False,2.9,162.0
2026,10,Belgian Grand Prix,FP1,PER,Cadillac,11.0,3.0,SOFT,1.0,,,72.717,38.71,243.0,162.0,217.0,177.0,1,True,False,False,False,2026-07-17 11:56:08.027,,24.6,42.9,40.9,False,2.5,148.0
2026,10,Belgian Grand Prix,FP1,PER,Cadillac,12.0,3.0,SOFT,2.0,110.226,31.248,49.419,29.559,299.0,204.0,208.0,298.0,1,True,True,True,False,2026-07-17 12:05:20.387,,24.4,39.7,41.8,False,0.7,315.0
2026,10,Belgian Grand Prix,FP1,PER,Cadillac,13.0,3.0,SOFT,3.0,,47.551,76.258,43.187,127.0,125.0,215.0,228.0,1,True,False,False,False,2026-07-17 12:07:10.613,,24.2,39.9,42.0,False,3.7,313.0
2026,10,Belgian Grand Prix,FP1,PER,Cadillac,14.0,3.0,SOFT,4.0,111.364,31.858,49.77,29.736,293.0,200.0,210.0,297.0,1,True,False,True,False,2026-07-17 12:09:57.597,,24.1,39.9,42.9,False,1.9,323.0
2026,10,Belgian Grand Prix,FP1,PER,Cadillac,15.0,3.0,SOFT,5.0,134.537,36.99,54.404,43.143,239.0,177.0,,238.0,1,True,False,False,False,2026-07-17 12:11:48.961,,24.1,38.7,43.5,False,1.6,288.0
2026,10,Belgian Grand Prix,FP1,PER,Cadillac,16.0,4.0,SOFT,6.0,,,59.374,34.402,294.0,182.0,211.0,271.0,1,False,False,False,False,2026-07-17 12:14:03.498,,23.9,39.5,44.3,False,0.7,108.0
2026,10,Belgian Grand Prix,FP1,PER,Cadillac,17.0,4.0,SOFT,7.0,115.143,32.144,52.292,30.707,319.0,195.0,211.0,291.0,1,False,False,True,False,2026-07-17 12:22:35.274,,24.3,38.5,42.6,False,2.3,300.0
2026,10,Belgian Grand Prix,FP1,PER,Cadillac,18.0,4.0,SOFT,8.0,115.375,32.358,52.194,30.823,308.0,194.0,211.0,289.0,1,False,False,True,False,2026-07-17 12:24:30.417,,24.3,38.3,40.1,False,2.3,320.0
2026,10,Belgian Grand Prix,FP1,PER,Cadillac,19.0,4.0,SOFT,9.0,115.227,32.519,52.13,30.578,308.0,197.0,210.0,285.0,12,False,False,True,False,2026-07-17 12:26:25.792,,24.2,38.5,39.3,False,3.5,321.0
2026,10,Belgian Grand Prix,FP1,PER,Cadillac,20.0,4.0,SOFT,10.0,116.444,32.941,52.3,31.203,309.0,191.0,205.0,282.0,21,False,False,True,False,2026-07-17 12:28:21.019,,24.2,38.3,39.8,False,3.3,315.0
2026,10,Belgian Grand Prix,FP1,PER,Cadillac,21.0,4.0,SOFT,11.0,,40.797,60.924,48.763,204.0,175.0,41.0,221.0,1,False,False,False,False,2026-07-17 12:30:17.463,,24.0,37.8,39.7,False,2.6,329.0
2026,10,Belgian Grand Prix,FP1,PER,Cadillac,22.0,4.0,SOFT,12.0,,85.7,64.031,43.892,133.0,144.0,,227.0,12,False,False,False,False,2026-07-17 12:32:48.022,,23.7,36.7,41.1,False,1.6,292.0
2026,10,Belgian Grand Prix,FP1,ANT,Mercedes,1.0,1.0,MEDIUM,1.0,,,59.812,47.783,279.0,168.0,175.0,239.0,1,True,False,False,False,2026-07-17 11:31:07.478,,23.7,41.1,45.4,False,2.2,317.0
2026,10,Belgian Grand Prix,FP1,ANT,Mercedes,2.0,1.0,MEDIUM,2.0,110.397,31.825,49.503,29.069,307.0,203.0,189.0,306.0,1,True,True,True,False,2026-07-17 11:34:01.791,,24.0,42.2,43.6,False,1.6,349.0
2026,10,Belgian Grand Prix,FP1,ANT,Mercedes,3.0,1.0,MEDIUM,3.0,,47.799,76.39,41.689,107.0,155.0,187.0,171.0,1,True,False,False,False,2026-07-17 11:35:52.188,,24.0,42.2,43.2,False,2.7,316.0
2026,10,Belgian Grand Prix,FP1,ANT,Mercedes,4.0,1.0,MEDIUM,4.0,109.32,31.436,48.823,29.061,307.0,205.0,196.0,306.0,1,True,True,True,False,2026-07-17 11:38:37.987,,24.0,41.6,43.2,False,2.9,302.0
2026,10,Belgian Grand Prix,FP1,ANT,Mercedes,5.0,1.0,MEDIUM,5.0,,52.629,86.233,58.079,106.0,150.0,169.0,194.0,1,True,False,False,False,2026-07-17 11:40:27.307,,24.1,41.4,43.7,False,2.9,327.0
2026,10,Belgian Grand Prix,FP1,ANT,Mercedes,6.0,1.0,MEDIUM,6.0,138.039,37.938,64.615,35.486,256.0,168.0,187.0,226.0,1,True,False,True,False,2026-07-17 11:43:44.418,,24.0,40.9,43.0,False,0.9,308.0
2026,10,Belgian Grand Prix,FP1,ANT,Mercedes,7.0,1.0,MEDIUM,7.0,120.918,31.496,48.88,40.542,305.0,203.0,,306.0,1,True,False,False,False,2026-07-17 11:46:02.457,,23.9,42.9,43.4,False,1.0,317.0
2026,10,Belgian Grand Prix,FP1,ANT,Mercedes,8.0,2.0,SOFT,1.0,,,65.232,36.852,273.0,125.0,207.0,211.0,1,True,False,False,False,2026-07-17 11:48:03.375,,24.3,43.2,43.0,False,1.7,350.0
2026,10,Belgian Grand Prix,FP1,ANT,Mercedes,9.0,2.0,SOFT,2.0,107.603,30.715,48.177,28.711,306.0,210.0,188.0,309.0,1,True,True,True,False,2026-07-17 11:56:00.485,,24.6,42.9,40.9,False,2.5,148.0
2026,10,Belgian Grand Prix,FP1,ANT,Mercedes,10.0,2.0,SOFT,3.0,,55.866,87.605,51.08,64.0,118.0,,259.0,1,True,False,False,False,2026-07-17 11:57:48.088,,24.5,42.5,40.8,False,0.4,101.0
2026,10,Belgian Grand Prix,FP1,ANT,Mercedes,11.0,3.0,MEDIUM,8.0,,,50.704,30.306,302.0,197.0,217.0,286.0,1,False,False,False,False,2026-07-17 12:01:02.804,,24.6,42.1,41.8,False,2.1,298.0
2026,10,Belgian Grand Prix,FP1,ANT,Mercedes,12.0,3.0,MEDIUM,9.0,112.508,31.469,51.037,30.002,313.0,200.0,215.0,301.0,1,False,False,True,False,2026-07-17 12:08:07.261,,24.1,40.0,42.7,False,2.2,314.0
2026,10,Belgian Grand Prix,FP1,ANT,Mercedes,13.0,3.0,MEDIUM,10.0,112.442,31.558,51.049,29.835,315.0,200.0,215.0,302.0,1,False,False,True,False,2026-07-17 12:09:59.769,,24.1,39.9,42.9,False,1.9,323.0
2026,10,Belgian Grand Prix,FP1,ANT,Mercedes,14.0,3.0,MEDIUM,11.0,112.215,31.516,50.771,29.928,313.0,201.0,214.0,303.0,1,False,False,True,False,2026-07-17 12:11:52.211,,24.1,38.7,43.5,False,1.6,288.0
2026,10,Belgian Grand Prix,FP1,ANT,Mercedes,15.0,3.0,MEDIUM,12.0,111.978,31.71,50.443,29.825,308.0,199.0,214.0,298.0,1,False,False,True,False,2026-07-17 12:13:44.426,,23.9,39.5,44.3,False,0.7,108.0
2026,10,Belgian Grand Prix,FP1,ANT,Mercedes,16.0,3.0,MEDIUM,13.0,112.087,31.686,50.55,29.851,310.0,199.0,215.0,299.0,1,False,False,True,False,2026-07-17 12:15:36.404,,23.9,39.5,45.4,False,0.9,176.0
2026,10,Belgian Grand Prix,FP1,ANT,Mercedes,17.0,3.0,MEDIUM,14.0,112.075,31.676,50.513,29.886,310.0,199.0,216.0,299.0,1,False,False,True,False,2026-07-17 12:17:28.491,,23.9,39.5,45.4,False,0.9,176.0
2026,10,Belgian Grand Prix,FP1,ANT,Mercedes,18.0,3.0,MEDIUM,15.0,112.554,31.765,50.726,30.063,309.0,196.0,218.0,299.0,1,False,False,True,False,2026-07-17 12:19:20.566,,24.0,39.2,44.3,False,1.0,138.0
2026,10,Belgian Grand Prix,FP1,ANT,Mercedes,19.0,3.0,MEDIUM,16.0,112.643,31.579,51.08,29.984,317.0,194.0,216.0,301.0,1,False,False,True,False,2026-07-17 12:21:13.120,,24.2,39.0,43.2,False,0.9,171.0
2026,10,Belgian Grand Prix,FP1,ANT,Mercedes,20.0,3.0,MEDIUM,17.0,117.952,31.766,51.11,35.076,314.0,199.0,,297.0,1,False,False,False,False,2026-07-17 12:23:05.763,,24.3,38.5,42.6,False,2.3,300.0
2026,10,Belgian Grand Prix,FP1,ANT,Mercedes,21.0,4.0,SOFT,4.0,,,55.804,34.354,315.0,165.0,166.0,280.0,12,False,False,False,False,2026-07-17 12:25:03.715,,24.2,39.2,38.8,False,2.9,315.0
2026,10,Belgian Grand Prix,FP1,ANT,Mercedes,22.0,4.0,SOFT,5.0,,37.74,58.409,87.664,286.0,173.0,2.0,273.0,1,False,False,False,False,2026-07-17 12:31:39.787,,23.8,37.0,40.4,False,1.5,311.0
2026,10,Belgian Grand Prix,FP1,ANT,Mercedes,23.0,4.0,SOFT,6.0,135.953,33.451,57.361,45.141,308.0,145.0,,293.0,12,False,False,False,False,2026-07-17 12:34:43.557,,23.8,36.9,41.0,False,1.8,1.0
2026,10,Belgian Grand Prix,FP1,LEC,Ferrari,1.0,1.0,MEDIUM,1.0,,,72.607,41.413,256.0,153.0,198.0,223.0,1,True,False,False,False,2026-07-17 11:31:02.134,,23.7,41.1,45.4,False,2.2,317.0
2026,10,Belgian Grand Prix,FP1,LEC,Ferrari,2.0,1.0,MEDIUM,2.0,109.887,31.644,48.838,29.405,301.0,209.0,182.0,300.0,1,True,True,True,False,2026-07-17 11:33:38.214,,24.0,42.2,43.6,False,1.6,349.0
2026,10,Belgian Grand Prix,FP1,LEC,Ferrari,3.0,1.0,MEDIUM,3.0,,51.874,76.343,40.312,172.0,164.0,214.0,165.0,1,True,False,False,False,2026-07-17 11:35:28.101,,24.0,42.6,43.7,False,0.8,342.0
2026,10,Belgian Grand Prix,FP1,LEC,Ferrari,4.0,1.0,MEDIUM,4.0,108.969,31.327,48.413,29.229,296.0,207.0,201.0,301.0,1,True,True,True,False,2026-07-17 11:38:16.535,,24.0,41.2,42.7,False,2.2,297.0
2026,10,Belgian Grand Prix,FP1,LEC,Ferrari,5.0,1.0,MEDIUM,5.0,,65.079,76.552,36.289,139.0,139.0,216.0,123.0,1,True,False,False,False,2026-07-17 11:40:05.504,,24.1,41.4,43.7,False,2.9,327.0
2026,10,Belgian Grand Prix,FP1,LEC,Ferrari,6.0,1.0,MEDIUM,6.0,108.577,31.346,48.225,29.006,297.0,211.0,203.0,300.0,1,True,True,True,False,2026-07-17 11:43:03.435,,24.0,41.0,43.6,False,2.8,318.0
2026,10,Belgian Grand Prix,FP1,LEC,Ferrari,7.0,1.0,MEDIUM,7.0,,47.178,83.134,46.134,211.0,117.0,213.0,158.0,1,True,False,False,False,2026-07-17 11:44:52.012,,23.9,41.5,43.4,False,0.8,209.0
2026,10,Belgian Grand Prix,FP1,LEC,Ferrari,8.0,1.0,MEDIUM,8.0,108.145,31.405,48.052,28.688,299.0,211.0,203.0,302.0,1,True,True,True,False,2026-07-17 11:47:48.470,,24.3,43.2,43.0,False,1.7,350.0
2026,10,Belgian Grand Prix,FP1,LEC,Ferrari,9.0,1.0,MEDIUM,9.0,144.406,36.527,65.7,42.179,227.0,153.0,,226.0,1,True,False,False,False,2026-07-17 11:49:36.615,,24.3,42.9,43.2,False,1.8,54.0
2026,10,Belgian Grand Prix,FP1,LEC,Ferrari,10.0,2.0,SOFT,1.0,,,59.956,33.417,261.0,165.0,217.0,223.0,1,True,False,False,False,2026-07-17 11:52:01.021,,24.3,43.1,41.8,False,2.2,62.0
2026,10,Belgian Grand Prix,FP1,LEC,Ferrari,11.0,2.0,SOFT,2.0,107.49,31.14,47.544,28.806,294.0,212.0,207.0,299.0,1,True,True,True,False,2026-07-17 12:04:33.826,,24.4,39.7,41.8,False,0.7,315.0
2026,10,Belgian Grand Prix,FP1,LEC,Ferrari,12.0,2.0,SOFT,3.0,,49.569,89.661,34.389,134.0,114.0,217.0,169.0,1,True,False,False,False,2026-07-17 12:06:21.316,,24.4,40.6,42.1,False,0.8,6.0
2026,10,Belgian Grand Prix,FP1,LEC,Ferrari,13.0,2.0,SOFT,4.0,107.277,31.02,47.281,28.976,296.0,216.0,210.0,305.0,1,True,True,True,False,2026-07-17 12:09:14.913,,24.1,40.0,42.7,False,2.2,314.0
2026,10,Belgian Grand Prix,FP1,LEC,Ferrari,14.0,2.0,SOFT,5.0,136.072,36.108,58.884,41.08,231.0,169.0,,236.0,1,True,False,False,False,2026-07-17 12:11:02.190,,24.1,38.8,43.1,False,2.3,296.0
2026,10,Belgian Grand Prix,FP1,LEC,Ferrari,15.0,3.0,MEDIUM,10.0,,,51.559,31.781,320.0,198.0,212.0,279.0,1,False,False,False,False,2026-07-17 12:13:18.262,,23.9,39.5,43.5,False,0.8,295.0
2026,10,Belgian Grand Prix,FP1,LEC,Ferrari,16.0,3.0,MEDIUM,11.0,111.853,31.873,49.939,30.041,312.0,199.0,210.0,292.0,1,False,False,True,False,2026-07-17 12:20:50.698,,24.2,39.0,43.2,False,0.9,171.0
2026,10,Belgian Grand Prix,FP1,LEC,Ferrari,17.0,3.0,MEDIUM,12.0,112.451,32.253,50.05,30.148,311.0,200.0,210.0,289.0,1,False,False,True,False,2026-07-17 12:22:42.551,,24.3,38.5,42.6,False,2.3,300.0
2026,10,Belgian Grand Prix,FP1,LEC,Ferrari,18.0,3.0,MEDIUM,13.0,116.6,32.132,54.354,30.114,312.0,201.0,210.0,288.0,1,False,False,True,False,2026-07-17 12:24:35.002,,24.2,39.2,38.8,False,2.9,315.0
2026,10,Belgian Grand Prix,FP1,LEC,Ferrari,19.0,3.0,MEDIUM,14.0,112.326,32.248,50.385,29.693,309.0,200.0,210.0,287.0,12,False,False,True,False,2026-07-17 12:26:31.602,,24.2,38.5,39.3,False,3.5,321.0
2026,10,Belgian Grand Prix,FP1,LEC,Ferrari,20.0,3.0,MEDIUM,15.0,112.654,32.085,50.732,29.837,314.0,200.0,210.0,292.0,21,False,False,True,False,2026-07-17 12:28:23.928,,24.2,38.3,39.8,False,3.3,315.0
2026,10,Belgian Grand Prix,FP1,LEC,Ferrari,21.0,3.0,MEDIUM,16.0,143.334,38.3,58.036,46.998,192.0,195.0,81.0,217.0,1,False,False,True,False,2026-07-17 12:30:16.582,,24.0,37.8,39.7,False,2.6,329.0
2026,10,Belgian Grand Prix,FP1,LEC,Ferrari,22.0,3.0,MEDIUM,17.0,,65.936,52.497,36.605,310.0,173.0,,283.0,1,False,False,False,False,2026-07-17 12:32:39.916,,23.7,36.7,41.1,False,1.6,292.0
2026,10,Belgian Grand Prix,FP1,STR,Aston Martin,1.0,1.0,MEDIUM,1.0,,,59.916,35.699,280.0,106.0,201.0,256.0,1,True,False,False,False,2026-07-17 11:33:02.590,,24.1,41.7,43.3,False,1.7,313.0
2026,10,Belgian Grand Prix,FP1,STR,Aston Martin,2.0,1.0,MEDIUM,2.0,114.921,33.014,51.425,30.482,272.0,198.0,188.0,291.0,1,True,True,True,False,2026-07-17 11:35:14.431,,24.0,42.6,43.7,False,0.8,342.0
2026,10,Belgian Grand Prix,FP1,STR,Aston Martin,3.0,1.0,MEDIUM,3.0,,43.582,85.039,51.87,193.0,48.0,195.0,184.0,1,True,False,False,False,2026-07-17 11:37:09.352,,24.1,42.0,42.8,False,2.1,339.0
2026,10,Belgian Grand Prix,FP1,STR,Aston Martin,4.0,1.0,MEDIUM,4.0,114.084,32.899,51.028,30.157,272.0,200.0,186.0,293.0,1,True,True,True,False,2026-07-17 11:40:09.764,,24.1,41.4,43.7,False,2.9,327.0
2026,10,Belgian Grand Prix,FP1,STR,Aston Martin,5.0,1.0,MEDIUM,5.0,,53.265,,41.024,158.0,80.0,201.0,188.0,1,True,False,False,False,2026-07-17 11:42:03.848,,24.0,39.9,43.8,False,3.5,317.0
2026,10,Belgian Grand Prix,FP1,STR,Aston Martin,6.0,1.0,MEDIUM,6.0,113.664,32.765,50.843,30.056,277.0,200.0,187.0,292.0,1,True,True,True,False,2026-07-17 11:45:23.136,,23.9,41.5,43.4,False,0.8,209.0
2026,10,Belgian Grand Prix,FP1,STR,Aston Martin,7.0,1.0,MEDIUM,7.0,,52.008,67.617,47.058,137.0,171.0,,186.0,1,True,False,False,False,2026-07-17 11:47:16.800,,24.1,42.8,43.6,False,0.9,297.0
2026,10,Belgian Grand Prix,FP1,STR,Aston Martin,8.0,2.0,MEDIUM,8.0,,,63.338,37.198,224.0,170.0,203.0,283.0,1,False,False,False,False,2026-07-17 11:50:03.631,,24.3,42.9,43.2,False,1.8,54.0
2026,10,Belgian Grand Prix,FP1,STR,Aston Martin,9.0,2.0,MEDIUM,9.0,113.606,32.611,50.752,30.243,276.0,198.0,187.0,290.0,1,False,True,True,False,2026-07-17 12:00:34.642,,24.6,42.1,41.8,False,2.1,298.0
2026,10,Belgian Grand Prix,FP1,STR,Aston Martin,10.0,2.0,MEDIUM,10.0,,48.913,71.173,48.318,138.0,161.0,,187.0,1,False,False,False,False,2026-07-17 12:02:28.248,,24.6,40.9,41.7,False,1.7,312.0
2026,10,Belgian Grand Prix,FP1,STR,Aston Martin,11.0,3.0,SOFT,1.0,,,61.503,34.219,257.0,152.0,201.0,269.0,1,True,False,False,False,2026-07-17 12:05:16.762,,24.4,39.7,41.8,False,0.7,315.0
2026,10,Belgian Grand Prix,FP1,STR,Aston Martin,12.0,3.0,SOFT,2.0,112.808,32.56,50.478,29.77,273.0,201.0,189.0,293.0,1,True,True,True,False,2026-07-17 12:12:49.175,,23.9,39.5,43.5,False,0.8,295.0
2026,10,Belgian Grand Prix,FP1,STR,Aston Martin,13.0,3.0,SOFT,3.0,,52.075,89.72,37.046,120.0,128.0,199.0,222.0,1,True,False,False,False,2026-07-17 12:14:41.983,,23.9,39.6,43.7,False,0.0,0.0
2026,10,Belgian Grand Prix,FP1,STR,Aston Martin,14.0,3.0,SOFT,4.0,112.931,32.495,50.536,29.9,280.0,196.0,186.0,293.0,1,True,False,True,False,2026-07-17 12:17:40.856,,23.9,39.4,44.7,False,1.7,155.0
2026,10,Belgian Grand Prix,FP1,STR,Aston Martin,15.0,3.0,SOFT,5.0,,43.287,81.193,34.839,247.0,156.0,198.0,232.0,1,True,False,False,False,2026-07-17 12:19:33.787,,24.1,38.7,43.6,False,2.3,114.0
2026,10,Belgian Grand Prix,FP1,STR,Aston Martin,16.0,3.0,SOFT,6.0,135.6,32.611,52.342,50.647,274.0,147.0,,293.0,1,True,False,False,False,2026-07-17 12:22:13.116,,24.2,38.2,43.7,False,1.7,293.0
2026,10,Belgian Grand Prix,FP1,STR,Aston Martin,17.0,4.0,SOFT,7.0,,,58.1,32.738,270.0,175.0,197.0,238.0,12,False,False,False,False,2026-07-17 12:24:28.716,,24.3,38.3,40.1,False,2.3,320.0
2026,10,Belgian Grand Prix,FP1,STR,Aston Martin,18.0,4.0,SOFT,8.0,,39.147,72.636,89.114,208.0,145.0,3.0,226.0,1,False,False,False,False,2026-07-17 12:30:58.162,,23.9,37.6,39.8,False,2.0,328.0
2026,10,Belgian Grand Prix,FP1,STR,Aston Martin,19.0,4.0,SOFT,9.0,139.756,36.209,58.221,45.326,285.0,164.0,,295.0,12,False,False,False,False,2026-07-17 12:34:19.044,,23.8,36.7,40.8,False,1.2,329.0
2026,10,Belgian Grand Prix,FP1,ALB,Williams,1.0,1.0,MEDIUM,1.0,,,60.374,40.202,258.0,150.0,,247.0,1,True,False,False,False,2026-07-17 11:30:10.818,,23.6,41.2,45.0,False,1.5,330.0
2026,10,Belgian Grand Prix,FP1,ALB,Williams,2.0,2.0,MEDIUM,1.0,,,56.308,44.564,248.0,167.0,202.0,259.0,1,True,False,False,False,2026-07-17 11:32:28.317,,23.9,41.7,44.5,False,2.2,329.0
2026,10,Belgian Grand Prix,FP1,ALB,Williams,3.0,2.0,MEDIUM,2.0,112.125,32.1,50.053,29.972,304.0,203.0,215.0,295.0,1,True,True,True,False,2026-07-17 11:38:22.943,,24.0,41.2,42.7,False,2.2,297.0
2026,10,Belgian Grand Prix,FP1,ALB,Williams,4.0,2.0,MEDIUM,3.0,,48.376,81.783,45.317,240.0,136.0,214.0,145.0,1,True,False,False,False,2026-07-17 11:40:15.068,,24.1,41.4,43.7,False,2.9,327.0
2026,10,Belgian Grand Prix,FP1,ALB,Williams,5.0,2.0,MEDIUM,4.0,110.816,31.534,49.653,29.629,309.0,203.0,217.0,300.0,1,True,True,True,False,2026-07-17 11:43:10.417,,24.0,41.0,43.6,False,2.8,318.0
2026,10,Belgian Grand Prix,FP1,ALB,Williams,6.0,2.0,MEDIUM,5.0,,55.481,74.585,40.661,206.0,105.0,211.0,161.0,1,True,False,False,False,2026-07-17 11:45:01.233,,23.9,41.5,43.4,False,0.8,209.0
2026,10,Belgian Grand Prix,FP1,ALB,Williams,7.0,2.0,MEDIUM,6.0,110.447,31.11,49.793,29.544,313.0,199.0,215.0,303.0,1,True,True,True,False,2026-07-17 11:47:52.042,,24.3,43.2,43.0,False,1.7,350.0
2026,10,Belgian Grand Prix,FP1,ALB,Williams,8.0,2.0,MEDIUM,7.0,,51.021,71.284,33.144,221.0,156.0,212.0,160.0,1,True,False,False,False,2026-07-17 11:49:42.489,,24.3,42.9,43.2,False,1.8,54.0
2026,10,Belgian Grand Prix,FP1,ALB,Williams,9.0,2.0,MEDIUM,8.0,110.734,31.3,50.232,29.202,308.0,201.0,211.0,305.0,1,True,False,True,False,2026-07-17 11:52:17.923,,24.3,43.1,41.8,False,2.2,62.0
2026,10,Belgian Grand Prix,FP1,ALB,Williams,10.0,2.0,MEDIUM,9.0,138.212,37.845,59.941,40.426,262.0,153.0,,271.0,1,True,False,False,False,2026-07-17 11:54:08.657,,24.4,42.8,41.1,False,2.9,162.0
2026,10,Belgian Grand Prix,FP1,ALB,Williams,11.0,3.0,SOFT,1.0,,,60.244,34.899,243.0,91.0,207.0,264.0,1,True,False,False,False,2026-07-17 11:56:26.869,,24.6,42.9,40.9,False,2.5,148.0
2026,10,Belgian Grand Prix,FP1,ALB,Williams,12.0,3.0,SOFT,2.0,109.79,31.341,49.218,29.231,304.0,205.0,190.0,300.0,1,True,True,True,False,2026-07-17 12:04:19.439,,24.4,39.7,41.8,False,0.7,315.0
2026,10,Belgian Grand Prix,FP1,ALB,Williams,13.0,3.0,SOFT,3.0,,50.761,85.972,34.395,173.0,119.0,212.0,170.0,1,True,False,False,False,2026-07-17 12:06:09.229,,24.4,40.6,42.1,False,0.8,6.0
2026,10,Belgian Grand Prix,FP1,ALB,Williams,14.0,3.0,SOFT,4.0,109.337,30.999,49.143,29.195,305.0,205.0,191.0,304.0,1,True,True,True,False,2026-07-17 12:09:00.438,,24.1,40.0,42.7,False,2.2,314.0
2026,10,Belgian Grand Prix,FP1,ALB,Williams,15.0,3.0,SOFT,5.0,134.727,41.655,56.141,36.931,265.0,191.0,,203.0,1,True,False,False,False,2026-07-17 12:10:49.775,,24.1,38.8,43.1,False,2.3,296.0
2026,10,Belgian Grand Prix,FP1,ALB,Williams,16.0,4.0,SOFT,6.0,,,52.453,30.488,301.0,188.0,215.0,279.0,1,False,False,False,False,2026-07-17 12:13:04.502,,23.9,39.5,43.5,False,0.8,295.0
2026,10,Belgian Grand Prix,FP1,ALB,Williams,17.0,4.0,SOFT,7.0,113.712,31.954,51.419,30.339,308.0,196.0,215.0,292.0,1,False,False,True,False,2026-07-17 12:19:51.431,,24.1,38.7,43.6,False,2.3,114.0
2026,10,Belgian Grand Prix,FP1,ALB,Williams,18.0,4.0,SOFT,8.0,114.055,32.038,51.617,30.4,308.0,197.0,213.0,293.0,1,False,False,True,False,2026-07-17 12:21:45.143,,24.2,38.2,43.7,False,1.7,293.0
2026,10,Belgian Grand Prix,FP1,ALB,Williams,19.0,4.0,SOFT,9.0,114.397,32.125,51.876,30.396,307.0,195.0,214.0,292.0,1,False,False,True,False,2026-07-17 12:23:39.198,,24.3,38.3,40.1,False,2.3,320.0
2026,10,Belgian Grand Prix,FP1,ALB,Williams,20.0,4.0,SOFT,10.0,114.971,32.072,51.89,31.009,307.0,195.0,212.0,291.0,1,False,False,True,False,2026-07-17 12:25:33.595,,24.2,38.5,39.3,False,3.5,321.0
2026,10,Belgian Grand Prix,FP1,ALB,Williams,21.0,4.0,SOFT,11.0,115.08,32.411,51.781,30.888,307.0,197.0,213.0,296.0,12,False,False,True,False,2026-07-17 12:27:28.566,,24.2,38.3,39.8,False,3.3,315.0
2026,10,Belgian Grand Prix,FP1,ALB,Williams,22.0,4.0,SOFT,12.0,115.235,32.089,52.631,30.515,307.0,190.0,213.0,294.0,1,False,False,True,False,2026-07-17 12:29:23.646,,24.0,37.8,40.3,False,2.7,321.0
2026,10,Belgian Grand Prix,FP1,ALB,Williams,23.0,4.0,SOFT,13.0,,36.799,69.248,77.538,239.0,128.0,3.0,245.0,1,False,False,False,False,2026-07-17 12:31:18.881,,23.9,37.6,39.8,False,2.0,328.0
2026,10,Belgian Grand Prix,FP1,ALB,Williams,24.0,4.0,SOFT,14.0,127.296,35.578,56.169,35.549,203.0,184.0,,288.0,12,False,False,False,False,2026-07-17 12:34:22.506,,23.8,36.7,40.8,False,1.2,329.0
2026,10,Belgian Grand Prix,FP1,HUL,Audi,1.0,1.0,HARD,1.0,,,59.069,36.949,249.0,188.0,214.0,247.0,1,True,False,False,False,2026-07-17 11:32:52.106,,24.1,41.7,43.3,False,1.7,313.0
2026,10,Belgian Grand Prix,FP1,HUL,Audi,2.0,1.0,HARD,2.0,111.64,31.956,49.473,30.211,296.0,207.0,176.0,301.0,1,True,True,True,False,2026-07-17 11:35:20.500,,24.0,42.6,43.7,False,0.8,342.0
2026,10,Belgian Grand Prix,FP1,HUL,Audi,3.0,1.0,HARD,3.0,,48.36,77.644,42.034,165.0,60.0,217.0,186.0,1,True,False,False,False,2026-07-17 11:37:12.140,,24.1,42.0,42.8,False,2.1,339.0
2026,10,Belgian Grand Prix,FP1,HUL,Audi,4.0,1.0,HARD,4.0,137.894,31.63,63.714,42.55,291.0,140.0,216.0,304.0,1,True,False,True,False,2026-07-17 11:40:00.284,,24.1,41.4,43.7,False,2.9,327.0
2026,10,Belgian Grand Prix,FP1,HUL,Audi,5.0,1.0,HARD,5.0,110.823,31.916,49.104,29.803,290.0,208.0,186.0,300.0,1,True,True,True,False,2026-07-17 11:42:18.178,,24.0,39.9,43.8,False,3.5,317.0
2026,10,Belgian Grand Prix,FP1,HUL,Audi,6.0,1.0,HARD,6.0,,48.077,75.565,41.968,172.0,135.0,216.0,175.0,1,True,False,False,False,2026-07-17 11:44:09.001,,24.0,40.9,43.0,False,0.9,308.0
2026,10,Belgian Grand Prix,FP1,HUL,Audi,7.0,1.0,HARD,7.0,110.435,31.791,48.998,29.646,296.0,206.0,205.0,303.0,1,True,True,True,False,2026-07-17 11:46:54.541,,24.1,42.8,43.6,False,0.9,297.0
2026,10,Belgian Grand Prix,FP1,HUL,Audi,8.0,1.0,HARD,8.0,135.403,38.323,59.561,37.519,239.0,194.0,,245.0,1,True,False,False,False,2026-07-17 11:48:44.976,,24.4,42.9,41.6,False,0.4,327.0
2026,10,Belgian Grand Prix,FP1,HUL,Audi,9.0,2.0,SOFT,1.0,,,64.45,37.861,222.0,85.0,218.0,235.0,1,True,False,False,False,2026-07-17 11:51:00.379,,24.3,42.9,41.7,False,2.8,152.0
2026,10,Belgian Grand Prix,FP1,HUL,Audi,10.0,2.0,SOFT,2.0,108.962,31.741,47.829,29.392,300.0,212.0,212.0,301.0,1,True,True,True,False,2026-07-17 12:02:25.305,,24.6,40.9,41.7,False,1.7,312.0
2026,10,Belgian Grand Prix,FP1,HUL,Audi,11.0,2.0,SOFT,3.0,,53.28,75.257,44.755,163.0,126.0,218.0,162.0,1,True,False,False,False,2026-07-17 12:04:14.267,,24.4,39.7,41.8,False,0.7,315.0
2026,10,Belgian Grand Prix,FP1,HUL,Audi,12.0,2.0,SOFT,4.0,115.79,31.753,48.098,35.939,296.0,207.0,,299.0,1,True,False,False,False,2026-07-17 12:07:07.570,,24.2,39.9,42.0,False,3.7,313.0
2026,10,Belgian Grand Prix,FP1,HUL,Audi,13.0,3.0,HARD,9.0,,,52.134,30.337,286.0,199.0,209.0,278.0,1,False,False,False,False,2026-07-17 12:09:03.360,,24.1,40.0,42.7,False,2.2,314.0
2026,10,Belgian Grand Prix,FP1,HUL,Audi,14.0,3.0,HARD,10.0,113.047,31.873,50.92,30.254,303.0,198.0,209.0,301.0,1,False,False,True,False,2026-07-17 12:16:21.252,,23.9,39.5,45.4,False,0.9,176.0
2026,10,Belgian Grand Prix,FP1,HUL,Audi,15.0,3.0,HARD,11.0,114.054,32.106,51.723,30.225,301.0,196.0,207.0,300.0,1,False,False,True,False,2026-07-17 12:18:14.299,,23.9,39.4,44.7,False,1.7,155.0
2026,10,Belgian Grand Prix,FP1,HUL,Audi,16.0,3.0,HARD,12.0,113.689,32.186,50.996,30.507,304.0,194.0,208.0,297.0,1,False,False,True,False,2026-07-17 12:20:08.353,,24.1,38.7,43.6,False,2.3,114.0
2026,10,Belgian Grand Prix,FP1,HUL,Audi,17.0,3.0,HARD,13.0,113.844,32.228,51.034,30.582,304.0,197.0,208.0,296.0,1,False,False,True,False,2026-07-17 12:22:02.042,,24.2,38.2,43.7,False,1.7,293.0
2026,10,Belgian Grand Prix,FP1,HUL,Audi,18.0,3.0,HARD,14.0,113.203,32.09,50.58,30.533,305.0,198.0,210.0,299.0,1,False,False,True,False,2026-07-17 12:23:55.886,,24.3,38.3,40.1,False,2.3,320.0
2026,10,Belgian Grand Prix,FP1,HUL,Audi,19.0,3.0,HARD,15.0,113.495,32.129,51.0,30.366,302.0,194.0,208.0,298.0,1,False,False,True,False,2026-07-17 12:25:49.089,,24.2,38.5,39.3,False,3.5,321.0
2026,10,Belgian Grand Prix,FP1,HUL,Audi,20.0,3.0,HARD,16.0,113.955,32.254,51.262,30.439,301.0,194.0,209.0,300.0,12,False,False,True,False,2026-07-17 12:27:42.584,,24.2,38.3,39.8,False,3.3,315.0
2026,10,Belgian Grand Prix,FP1,HUL,Audi,21.0,3.0,HARD,17.0,114.118,32.542,51.207,30.369,303.0,196.0,208.0,294.0,1,False,False,True,False,2026-07-17 12:29:36.539,,24.0,37.8,39.7,False,2.6,329.0
2026,10,Belgian Grand Prix,FP1,HUL,Audi,22.0,3.0,HARD,18.0,146.34,38.356,61.003,46.981,223.0,155.0,32.0,235.0,1,False,False,True,False,2026-07-17 12:31:30.657,,23.9,37.6,39.8,False,2.0,328.0
2026,10,Belgian Grand Prix,FP1,HUL,Audi,23.0,3.0,HARD,19.0,,76.369,52.517,34.607,299.0,197.0,,280.0,12,False,False,False,False,2026-07-17 12:33:56.997,,23.8,36.7,40.8,False,1.2,329.0
2026,10,Belgian Grand Prix,FP1,LAW,Racing Bulls,1.0,1.0,MEDIUM,1.0,,,60.724,39.212,235.0,170.0,217.0,239.0,1,True,False,False,False,2026-07-17 11:31:25.889,,23.7,41.1,45.4,False,2.2,317.0
2026,10,Belgian Grand Prix,FP1,LAW,Racing Bulls,2.0,1.0,MEDIUM,2.0,110.118,31.418,49.355,29.345,313.0,208.0,195.0,290.0,1,True,True,True,False,2026-07-17 11:33:47.290,,24.0,42.2,43.6,False,1.6,349.0
2026,10,Belgian Grand Prix,FP1,LAW,Racing Bulls,3.0,1.0,MEDIUM,3.0,,49.67,79.113,47.836,152.0,115.0,217.0,189.0,1,True,False,False,False,2026-07-17 11:35:37.408,,24.0,42.2,43.2,False,2.7,316.0
2026,10,Belgian Grand Prix,FP1,LAW,Racing Bulls,4.0,1.0,MEDIUM,4.0,109.427,31.318,48.626,29.483,311.0,191.0,207.0,289.0,1,True,True,True,False,2026-07-17 11:38:34.040,,24.0,41.6,43.2,False,2.9,302.0
2026,10,Belgian Grand Prix,FP1,LAW,Racing Bulls,5.0,1.0,MEDIUM,5.0,140.797,40.419,56.595,43.783,199.0,175.0,,225.0,1,True,False,False,False,2026-07-17 11:40:23.467,,24.1,41.4,43.7,False,2.9,327.0
2026,10,Belgian Grand Prix,FP1,LAW,Racing Bulls,6.0,2.0,MEDIUM,6.0,,,64.517,34.772,229.0,157.0,216.0,213.0,1,False,False,False,False,2026-07-17 11:42:44.264,,24.0,41.0,43.6,False,2.8,318.0
2026,10,Belgian Grand Prix,FP1,LAW,Racing Bulls,7.0,2.0,MEDIUM,7.0,109.451,31.387,48.814,29.25,309.0,209.0,186.0,290.0,1,False,False,True,False,2026-07-17 11:48:35.369,,24.4,42.9,41.6,False,0.4,327.0
2026,10,Belgian Grand Prix,FP1,LAW,Racing Bulls,8.0,2.0,MEDIUM,8.0,,47.421,90.192,37.147,169.0,111.0,217.0,180.0,1,False,False,False,False,2026-07-17 11:50:24.820,,24.3,42.9,43.2,False,1.8,54.0
2026,10,Belgian Grand Prix,FP1,LAW,Racing Bulls,9.0,2.0,MEDIUM,9.0,109.247,31.205,48.782,29.26,309.0,204.0,187.0,293.0,1,False,True,True,False,2026-07-17 11:53:19.535,,24.4,42.6,41.4,False,3.7,150.0
2026,10,Belgian Grand Prix,FP1,LAW,Racing Bulls,10.0,2.0,MEDIUM,10.0,138.955,40.467,55.967,42.521,199.0,171.0,,203.0,1,False,False,False,False,2026-07-17 11:55:08.782,,24.4,42.8,41.1,False,2.9,162.0
2026,10,Belgian Grand Prix,FP1,LAW,Racing Bulls,11.0,3.0,SOFT,1.0,,,60.147,40.264,229.0,166.0,217.0,227.0,1,True,False,False,False,2026-07-17 11:57:27.737,,24.6,43.0,40.4,False,1.9,152.0
2026,10,Belgian Grand Prix,FP1,LAW,Racing Bulls,12.0,3.0,SOFT,2.0,108.58,31.302,48.075,29.203,310.0,207.0,195.0,287.0,1,True,True,True,False,2026-07-17 12:03:20.521,,24.5,41.1,41.7,False,1.4,327.0
2026,10,Belgian Grand Prix,FP1,LAW,Racing Bulls,13.0,3.0,SOFT,3.0,,55.693,78.809,35.878,147.0,138.0,218.0,179.0,1,True,False,False,False,2026-07-17 12:05:09.101,,24.4,39.7,41.8,False,0.7,315.0
2026,10,Belgian Grand Prix,FP1,LAW,Racing Bulls,14.0,3.0,SOFT,4.0,108.432,31.279,48.182,28.971,303.0,209.0,205.0,290.0,1,True,True,True,False,2026-07-17 12:07:59.414,,24.1,40.0,42.7,False,2.2,314.0
2026,10,Belgian Grand Prix,FP1,LAW,Racing Bulls,15.0,3.0,SOFT,5.0,,49.705,60.067,41.545,142.0,87.0,,171.0,1,True,False,False,False,2026-07-17 12:09:47.846,,24.1,39.9,42.9,False,1.9,323.0
2026,10,Belgian Grand Prix,FP1,LAW,Racing Bulls,16.0,4.0,MEDIUM,11.0,,,51.967,30.053,285.0,197.0,206.0,299.0,1,False,False,False,False,2026-07-17 12:12:19.221,,24.1,38.7,43.5,False,1.6,288.0
2026,10,Belgian Grand Prix,FP1,LAW,Racing Bulls,17.0,4.0,MEDIUM,12.0,114.119,32.025,52.008,30.086,310.0,197.0,206.0,288.0,1,False,False,True,False,2026-07-17 12:19:22.569,,24.0,39.2,44.3,False,1.0,138.0
2026,10,Belgian Grand Prix,FP1,LAW,Racing Bulls,18.0,4.0,MEDIUM,13.0,113.202,31.824,51.128,30.25,315.0,196.0,204.0,290.0,1,False,False,True,False,2026-07-17 12:21:16.688,,24.2,39.0,43.2,False,0.9,171.0
2026,10,Belgian Grand Prix,FP1,LAW,Racing Bulls,19.0,4.0,MEDIUM,14.0,113.833,32.256,51.548,30.029,308.0,195.0,209.0,287.0,1,False,False,True,False,2026-07-17 12:23:09.890,,24.3,38.5,42.6,False,2.3,300.0
2026,10,Belgian Grand Prix,FP1,LAW,Racing Bulls,20.0,4.0,MEDIUM,15.0,113.658,32.078,51.4,30.18,306.0,195.0,207.0,288.0,1,False,False,True,False,2026-07-17 12:25:03.723,,24.2,39.2,38.8,False,2.9,315.0
2026,10,Belgian Grand Prix,FP1,LAW,Racing Bulls,21.0,4.0,MEDIUM,16.0,113.358,32.122,51.163,30.073,308.0,197.0,208.0,287.0,12,False,False,True,False,2026-07-17 12:26:57.381,,24.2,38.3,39.8,False,3.3,315.0
2026,10,Belgian Grand Prix,FP1,LAW,Racing Bulls,22.0,4.0,MEDIUM,17.0,113.704,31.948,51.734,30.022,314.0,194.0,208.0,289.0,1,False,False,True,False,2026-07-17 12:28:50.739,,24.0,37.8,40.3,False,2.7,321.0
2026,10,Belgian Grand Prix,FP1,LAW,Racing Bulls,23.0,4.0,MEDIUM,18.0,,40.629,68.411,46.358,159.0,142.0,63.0,205.0,1,False,False,False,False,2026-07-17 12:30:44.443,,23.9,37.6,39.8,False,2.0,328.0
2026,10,Belgian Grand Prix,FP1,LAW,Racing Bulls,24.0,4.0,MEDIUM,19.0,,62.937,60.067,45.545,303.0,159.0,,287.0,12,False,False,False,False,2026-07-17 12:33:19.912,,23.7,36.7,41.1,False,1.6,292.0
2026,10,Belgian Grand Prix,FP1,OCO,Haas F1 Team,1.0,1.0,MEDIUM,1.0,,,63.935,35.673,223.0,169.0,222.0,198.0,1,True,False,False,False,2026-07-17 11:30:28.839,,23.6,41.2,45.0,False,1.5,330.0
2026,10,Belgian Grand Prix,FP1,OCO,Haas F1 Team,2.0,1.0,MEDIUM,2.0,115.369,32.348,52.369,30.652,297.0,203.0,213.0,283.0,1,True,True,True,False,2026-07-17 11:32:55.621,,24.1,41.7,43.3,False,1.7,313.0
2026,10,Belgian Grand Prix,FP1,OCO,Haas F1 Team,3.0,1.0,MEDIUM,3.0,113.753,32.639,50.802,30.312,298.0,201.0,214.0,285.0,1,True,True,True,False,2026-07-17 11:34:50.990,,24.0,42.6,43.7,False,0.8,342.0
2026,10,Belgian Grand Prix,FP1,OCO,Haas F1 Team,4.0,1.0,MEDIUM,4.0,113.202,32.303,50.621,30.278,304.0,195.0,212.0,289.0,1,True,True,True,False,2026-07-17 11:36:44.743,,24.1,42.0,42.8,False,2.1,339.0
2026,10,Belgian Grand Prix,FP1,OCO,Haas F1 Team,5.0,1.0,MEDIUM,5.0,136.276,37.596,60.885,37.795,193.0,168.0,,262.0,1,True,False,False,False,2026-07-17 11:38:37.945,,24.0,41.6,43.2,False,2.9,302.0
2026,10,Belgian Grand Prix,FP1,OCO,Haas F1 Team,6.0,2.0,MEDIUM,6.0,,,61.653,35.499,250.0,176.0,225.0,233.0,1,False,False,False,False,2026-07-17 11:40:54.221,,24.1,40.3,43.5,False,1.9,313.0
2026,10,Belgian Grand Prix,FP1,OCO,Haas F1 Team,7.0,2.0,MEDIUM,7.0,112.527,32.102,50.476,29.949,298.0,201.0,213.0,288.0,1,False,True,True,False,2026-07-17 11:49:40.244,,24.3,42.9,43.2,False,1.8,54.0
2026,10,Belgian Grand Prix,FP1,OCO,Haas F1 Team,8.0,2.0,MEDIUM,8.0,112.97,32.221,50.723,30.026,303.0,201.0,212.0,289.0,1,False,False,True,False,2026-07-17 11:51:32.771,,24.3,42.9,41.7,False,2.8,152.0
2026,10,Belgian Grand Prix,FP1,OCO,Haas F1 Team,9.0,2.0,MEDIUM,9.0,,42.865,66.038,45.302,203.0,149.0,,205.0,1,False,False,False,False,2026-07-17 11:53:25.741,,24.4,42.6,41.4,False,3.7,150.0
2026,10,Belgian Grand Prix,FP1,OCO,Haas F1 Team,10.0,3.0,MEDIUM,10.0,,,61.327,38.904,221.0,180.0,212.0,203.0,1,False,False,False,False,2026-07-17 11:55:59.976,,24.6,42.9,40.9,False,2.5,148.0
2026,10,Belgian Grand Prix,FP1,OCO,Haas F1 Team,11.0,3.0,MEDIUM,11.0,111.836,31.829,50.307,29.7,287.0,203.0,200.0,297.0,1,False,True,True,False,2026-07-17 12:05:17.890,,24.4,39.7,41.8,False,0.7,315.0
2026,10,Belgian Grand Prix,FP1,OCO,Haas F1 Team,12.0,3.0,MEDIUM,12.0,,50.868,76.085,39.637,166.0,142.0,213.0,221.0,1,False,False,False,False,2026-07-17 12:07:09.726,,24.2,39.9,42.0,False,3.7,313.0
2026,10,Belgian Grand Prix,FP1,OCO,Haas F1 Team,13.0,3.0,MEDIUM,13.0,111.3,31.841,49.924,29.535,287.0,201.0,200.0,301.0,1,False,True,True,False,2026-07-17 12:09:56.364,,24.1,39.9,42.9,False,1.9,323.0
2026,10,Belgian Grand Prix,FP1,OCO,Haas F1 Team,14.0,3.0,MEDIUM,14.0,125.88,34.457,54.456,36.967,286.0,193.0,,279.0,1,False,False,False,False,2026-07-17 12:11:47.664,,24.1,38.7,43.5,False,1.6,288.0
2026,10,Belgian Grand Prix,FP1,OCO,Haas F1 Team,15.0,4.0,SOFT,1.0,,,60.528,33.145,220.0,172.0,217.0,206.0,1,True,False,False,False,2026-07-17 12:13:53.544,,23.9,39.5,44.3,False,0.7,108.0
2026,10,Belgian Grand Prix,FP1,OCO,Haas F1 Team,16.0,4.0,SOFT,2.0,109.449,31.392,48.908,29.149,297.0,205.0,203.0,302.0,1,True,True,True,False,2026-07-17 12:21:02.916,,24.2,39.0,43.2,False,0.9,171.0
2026,10,Belgian Grand Prix,FP1,OCO,Haas F1 Team,17.0,4.0,SOFT,3.0,,45.612,77.417,52.392,123.0,145.0,,206.0,1,True,False,False,False,2026-07-17 12:22:52.365,,24.3,38.5,42.6,False,2.3,300.0
2026,10,Belgian Grand Prix,FP1,OCO,Haas F1 Team,18.0,5.0,SOFT,4.0,,76.986,64.64,36.004,213.0,160.0,212.0,232.0,12,False,False,False,False,2026-07-17 12:25:47.902,,24.2,38.5,39.3,False,3.5,321.0
2026,10,Belgian Grand Prix,FP1,OCO,Haas F1 Team,19.0,5.0,SOFT,5.0,110.773,31.81,49.456,29.507,298.0,208.0,207.0,300.0,1,False,False,True,False,2026-07-17 12:28:45.510,,24.0,37.8,40.3,False,2.7,321.0
2026,10,Belgian Grand Prix,FP1,OCO,Haas F1 Team,20.0,5.0,SOFT,6.0,143.426,37.992,60.678,44.756,251.0,162.0,76.0,264.0,1,False,False,True,False,2026-07-17 12:30:36.283,,23.9,37.6,39.8,False,2.0,328.0
2026,10,Belgian Grand Prix,FP1,OCO,Haas F1 Team,21.0,5.0,SOFT,7.0,148.628,59.199,51.644,37.785,310.0,199.0,,292.0,1,False,False,False,False,2026-07-17 12:32:59.709,,23.7,36.7,41.1,False,1.6,292.0
2026,10,Belgian Grand Prix,FP1,CRA,Aston Martin,1.0,1.0,MEDIUM,1.0,,,61.013,45.79,285.0,166.0,194.0,230.0,1,True,False,False,False,2026-07-17 11:31:50.098,,23.9,41.7,44.5,False,2.2,329.0
2026,10,Belgian Grand Prix,FP1,CRA,Aston Martin,2.0,1.0,MEDIUM,2.0,117.383,33.156,53.391,30.836,272.0,198.0,179.0,290.0,1,True,True,True,False,2026-07-17 11:34:09.781,,24.0,42.2,43.6,False,1.6,349.0
2026,10,Belgian Grand Prix,FP1,CRA,Aston Martin,3.0,1.0,MEDIUM,3.0,,41.911,75.804,45.346,239.0,142.0,198.0,199.0,1,True,False,False,False,2026-07-17 11:36:07.164,,24.0,42.2,43.2,False,2.7,316.0
2026,10,Belgian Grand Prix,FP1,CRA,Aston Martin,4.0,1.0,MEDIUM,4.0,115.453,32.819,52.057,30.576999999999998,269.0,198.0,179.0,292.0,1,True,True,True,False,2026-07-17 11:38:50.179,,24.0,41.6,43.2,False,2.9,302.0
2026,10,Belgian Grand Prix,FP1,CRA,Aston Martin,5.0,1.0,MEDIUM,5.0,,48.317,73.8,54.613,199.0,145.0,193.0,183.0,1,True,False,False,False,2026-07-17 11:40:45.632,,24.1,40.3,43.5,False,1.9,313.0
2026,10,Belgian Grand Prix,FP1,CRA,Aston Martin,6.0,1.0,MEDIUM,6.0,115.373,32.999,51.903,30.471,273.0,199.0,179.0,291.0,1,True,True,True,False,2026-07-17 11:43:42.345,,24.0,40.9,43.0,False,0.9,308.0
2026,10,Belgian Grand Prix,FP1,CRA,Aston Martin,7.0,1.0,MEDIUM,7.0,,51.83,74.884,49.092,199.0,134.0,,188.0,1,True,False,False,False,2026-07-17 11:45:37.718,,23.9,42.9,43.4,False,1.0,317.0
2026,10,Belgian Grand Prix,FP1,CRA,Aston Martin,8.0,2.0,MEDIUM,8.0,,,62.506,36.99,278.0,176.0,199.0,267.0,1,False,False,False,False,2026-07-17 11:48:33.589,,24.4,42.9,41.6,False,0.4,327.0
2026,10,Belgian Grand Prix,FP1,CRA,Aston Martin,9.0,2.0,MEDIUM,9.0,115.184,32.972,51.672,30.54,272.0,202.0,186.0,291.0,1,False,True,True,False,2026-07-17 11:59:12.052,,24.4,42.7,40.6,False,1.2,314.0
2026,10,Belgian Grand Prix,FP1,CRA,Aston Martin,10.0,2.0,MEDIUM,10.0,,51.465,70.746,39.769,206.0,146.0,204.0,174.0,1,False,False,False,False,2026-07-17 12:01:07.236,,24.6,42.1,41.8,False,2.1,298.0
2026,10,Belgian Grand Prix,FP1,CRA,Aston Martin,11.0,2.0,MEDIUM,11.0,114.56,32.89,51.344,30.326,271.0,201.0,188.0,289.0,1,False,True,True,False,2026-07-17 12:03:49.205,,24.4,39.7,41.8,False,0.7,315.0
2026,10,Belgian Grand Prix,FP1,CRA,Aston Martin,12.0,2.0,MEDIUM,12.0,,44.709,69.785,50.711,242.0,162.0,,197.0,1,False,False,False,False,2026-07-17 12:05:43.765,,24.4,40.6,42.1,False,0.8,6.0
2026,10,Belgian Grand Prix,FP1,CRA,Aston Martin,13.0,3.0,SOFT,1.0,,,67.535,35.023,287.0,168.0,203.0,287.0,1,True,False,False,False,2026-07-17 12:08:29.102,,24.1,40.0,42.7,False,2.2,314.0
2026,10,Belgian Grand Prix,FP1,CRA,Aston Martin,14.0,3.0,SOFT,2.0,113.811,32.747,50.774,30.29,272.0,205.0,184.0,293.0,1,True,True,True,False,2026-07-17 12:16:42.073,,23.9,39.5,45.4,False,0.9,176.0
2026,10,Belgian Grand Prix,FP1,CRA,Aston Martin,15.0,3.0,SOFT,3.0,,49.886,71.4,36.995,175.0,172.0,199.0,178.0,1,True,False,False,False,2026-07-17 12:18:35.884,,24.0,39.2,44.3,False,1.0,138.0
2026,10,Belgian Grand Prix,FP1,CRA,Aston Martin,16.0,3.0,SOFT,4.0,113.199,32.302,50.909,29.988,287.0,202.0,187.0,295.0,1,True,True,True,False,2026-07-17 12:21:14.089,,24.2,39.0,43.2,False,0.9,171.0
2026,10,Belgian Grand Prix,FP1,CRA,Aston Martin,17.0,3.0,SOFT,5.0,137.755,44.765,61.876,31.114,188.0,196.0,204.0,216.0,1,True,False,True,False,2026-07-17 12:23:07.288,,24.3,38.5,42.6,False,2.3,300.0
2026,10,Belgian Grand Prix,FP1,CRA,Aston Martin,18.0,3.0,SOFT,6.0,116.053,32.991,52.124,30.938,284.0,196.0,203.0,286.0,1,True,False,True,False,2026-07-17 12:25:25.043,,24.2,39.2,38.8,False,2.9,315.0
2026,10,Belgian Grand Prix,FP1,CRA,Aston Martin,19.0,3.0,SOFT,7.0,115.828,33.158,51.689,30.981,288.0,201.0,203.0,287.0,12,True,False,True,False,2026-07-17 12:27:21.096,,24.2,38.3,39.8,False,3.3,315.0
2026,10,Belgian Grand Prix,FP1,CRA,Aston Martin,20.0,3.0,SOFT,8.0,115.811,33.118,51.842,30.851,288.0,200.0,204.0,288.0,1,True,False,True,False,2026-07-17 12:29:16.924,,24.0,37.8,40.3,False,2.7,321.0
2026,10,Belgian Grand Prix,FP1,CRA,Aston Martin,21.0,3.0,SOFT,9.0,,42.046,64.058,49.549,220.0,161.0,51.0,218.0,1,True,False,False,False,2026-07-17 12:31:12.735,,23.9,37.6,39.8,False,2.0,328.0
2026,10,Belgian Grand Prix,FP1,CRA,Aston Martin,22.0,3.0,SOFT,10.0,,68.331,73.069,59.849,117.0,152.0,,269.0,12,True,False,False,False,2026-07-17 12:33:48.614,,23.8,36.7,40.8,False,1.2,329.0
2026,10,Belgian Grand Prix,FP1,LIN,Racing Bulls,1.0,1.0,MEDIUM,1.0,,,59.142,33.983,238.0,183.0,221.0,193.0,1,True,False,False,False,2026-07-17 11:30:23.070,,23.6,41.2,45.0,False,1.5,330.0
2026,10,Belgian Grand Prix,FP1,LIN,Racing Bulls,2.0,1.0,MEDIUM,2.0,111.45,31.527,50.114,29.809,305.0,209.0,197.0,299.0,1,True,True,True,False,2026-07-17 11:32:41.427,,24.1,41.7,43.3,False,1.7,313.0
2026,10,Belgian Grand Prix,FP1,LIN,Racing Bulls,3.0,1.0,MEDIUM,3.0,,41.43,76.935,35.757,220.0,150.0,215.0,192.0,1,True,False,False,False,2026-07-17 11:34:32.877,,24.0,42.6,43.7,False,0.8,342.0
2026,10,Belgian Grand Prix,FP1,LIN,Racing Bulls,4.0,1.0,MEDIUM,4.0,109.765,31.226,49.049,29.49,313.0,213.0,185.0,292.0,1,True,True,True,False,2026-07-17 11:37:07.054,,24.1,42.0,42.8,False,2.1,339.0
2026,10,Belgian Grand Prix,FP1,LIN,Racing Bulls,5.0,1.0,MEDIUM,5.0,,53.698,72.739,34.924,166.0,141.0,221.0,144.0,1,True,False,False,False,2026-07-17 11:38:56.819,,24.0,41.6,43.2,False,2.9,302.0
2026,10,Belgian Grand Prix,FP1,LIN,Racing Bulls,6.0,1.0,MEDIUM,6.0,109.343,31.16,48.737,29.446,312.0,209.0,186.0,290.0,1,True,True,True,False,2026-07-17 11:41:38.111,,24.0,39.9,43.8,False,3.5,317.0
2026,10,Belgian Grand Prix,FP1,LIN,Racing Bulls,7.0,1.0,MEDIUM,7.0,,47.83,77.033,34.262,155.0,151.0,218.0,232.0,1,True,False,False,False,2026-07-17 11:43:27.454,,24.0,41.0,43.6,False,2.8,318.0
2026,10,Belgian Grand Prix,FP1,LIN,Racing Bulls,8.0,1.0,MEDIUM,8.0,113.082,31.003,48.917,33.162,320.0,209.0,160.0,292.0,1,True,False,True,False,2026-07-17 11:46:06.669,,23.9,42.9,43.4,False,1.0,317.0
2026,10,Belgian Grand Prix,FP1,LIN,Racing Bulls,9.0,1.0,MEDIUM,9.0,144.156,49.348,58.491,36.317,138.0,196.0,,199.0,1,True,False,False,False,2026-07-17 11:47:59.751,,24.3,43.2,43.0,False,1.7,350.0
2026,10,Belgian Grand Prix,FP1,LIN,Racing Bulls,10.0,2.0,SOFT,1.0,,,61.609,33.393,228.0,174.0,222.0,179.0,1,True,False,False,False,2026-07-17 11:50:23.907,,24.3,42.9,43.2,False,1.8,54.0
2026,10,Belgian Grand Prix,FP1,LIN,Racing Bulls,11.0,2.0,SOFT,2.0,108.234,30.967,48.211,29.056,312.0,214.0,213.0,293.0,1,True,True,True,False,2026-07-17 11:58:58.484,,24.4,42.7,40.6,False,1.2,314.0
2026,10,Belgian Grand Prix,FP1,LIN,Racing Bulls,12.0,2.0,SOFT,3.0,,54.078,75.048,32.604,158.0,181.0,223.0,151.0,1,True,False,False,False,2026-07-17 12:00:46.718,,24.6,42.1,41.8,False,2.1,298.0
2026,10,Belgian Grand Prix,FP1,LIN,Racing Bulls,13.0,2.0,SOFT,4.0,108.652,30.989,48.353,29.31,307.0,212.0,184.0,293.0,1,True,False,True,False,2026-07-17 12:03:28.548,,24.5,41.1,41.7,False,1.4,327.0
2026,10,Belgian Grand Prix,FP1,LIN,Racing Bulls,14.0,2.0,SOFT,5.0,,61.416,89.995,39.851,118.0,136.0,220.0,125.0,1,True,False,False,False,2026-07-17 12:05:17.200,,24.4,39.7,41.8,False,0.7,315.0
2026,10,Belgian Grand Prix,FP1,LIN,Racing Bulls,15.0,2.0,SOFT,6.0,108.42,31.108,48.198,29.114,305.0,213.0,194.0,294.0,1,True,False,True,False,2026-07-17 12:08:28.432,,24.1,40.0,42.7,False,2.2,314.0
2026,10,Belgian Grand Prix,FP1,LIN,Racing Bulls,16.0,2.0,SOFT,7.0,127.917,38.783,49.44,39.694,309.0,212.0,,213.0,1,True,False,False,False,2026-07-17 12:10:16.852,,24.1,39.9,42.9,False,1.9,323.0
2026,10,Belgian Grand Prix,FP1,LIN,Racing Bulls,17.0,3.0,MEDIUM,10.0,,,52.038,30.382,302.0,201.0,204.0,240.0,1,False,False,False,False,2026-07-17 12:12:24.769,,24.1,38.7,43.5,False,1.6,288.0
2026,10,Belgian Grand Prix,FP1,LIN,Racing Bulls,18.0,3.0,MEDIUM,11.0,113.457,32.193,51.314,29.95,308.0,200.0,206.0,288.0,1,False,False,True,False,2026-07-17 12:20:41.159,,24.2,39.0,43.2,False,0.9,171.0
2026,10,Belgian Grand Prix,FP1,LIN,Racing Bulls,19.0,3.0,MEDIUM,12.0,113.373,32.272,50.981,30.12,307.0,202.0,205.0,286.0,1,False,False,True,False,2026-07-17 12:22:34.616,,24.3,38.5,42.6,False,2.3,300.0
2026,10,Belgian Grand Prix,FP1,LIN,Racing Bulls,20.0,3.0,MEDIUM,13.0,113.426,32.291,51.005,30.13,306.0,200.0,205.0,284.0,1,False,False,True,False,2026-07-17 12:24:27.989,,24.3,38.3,40.1,False,2.3,320.0
2026,10,Belgian Grand Prix,FP1,LIN,Racing Bulls,21.0,3.0,MEDIUM,14.0,113.776,32.228,51.357,30.191,304.0,195.0,206.0,293.0,1,False,False,True,False,2026-07-17 12:26:21.415,,24.2,38.5,39.3,False,3.5,321.0
2026,10,Belgian Grand Prix,FP1,LIN,Racing Bulls,22.0,3.0,MEDIUM,15.0,114.011,32.279,51.703,30.029,303.0,197.0,207.0,293.0,12,False,False,True,False,2026-07-17 12:28:15.191,,24.2,38.3,39.8,False,3.3,315.0
2026,10,Belgian Grand Prix,FP1,LIN,Racing Bulls,23.0,3.0,MEDIUM,16.0,,44.626,70.786,47.555,200.0,125.0,68.0,185.0,1,False,False,False,False,2026-07-17 12:30:09.202,,24.0,37.8,39.7,False,2.6,329.0
2026,10,Belgian Grand Prix,FP1,LIN,Racing Bulls,24.0,3.0,MEDIUM,17.0,,75.84,51.799,35.007,302.0,199.0,,298.0,1,False,False,False,False,2026-07-17 12:32:52.240,,23.7,36.7,41.1,False,1.6,292.0
2026,10,Belgian Grand Prix,FP1,COL,Alpine,1.0,1.0,HARD,1.0,,,75.095,36.937,130.0,180.0,206.0,199.0,1,True,False,False,False,2026-07-17 11:30:43.101,,23.7,41.1,45.4,False,2.2,317.0
2026,10,Belgian Grand Prix,FP1,COL,Alpine,2.0,1.0,HARD,2.0,112.738,31.812,50.56,30.366,307.0,203.0,188.0,304.0,1,True,True,True,False,2026-07-17 11:33:23.337,,24.1,41.7,43.3,False,1.7,313.0
2026,10,Belgian Grand Prix,FP1,COL,Alpine,3.0,1.0,HARD,3.0,,52.536,71.57,35.74,176.0,138.0,206.0,179.0,1,True,False,False,False,2026-07-17 11:35:16.075,,24.0,42.6,43.7,False,0.8,342.0
2026,10,Belgian Grand Prix,FP1,COL,Alpine,4.0,1.0,HARD,4.0,111.223,31.786,49.696,29.741,298.0,207.0,194.0,306.0,1,True,True,True,False,2026-07-17 11:37:55.818,,24.0,41.2,42.7,False,2.2,297.0
2026,10,Belgian Grand Prix,FP1,COL,Alpine,5.0,1.0,HARD,5.0,143.234,39.641,63.534,40.059,239.0,186.0,,244.0,1,True,False,False,False,2026-07-17 11:39:47.041,,24.1,41.4,43.7,False,2.9,327.0
2026,10,Belgian Grand Prix,FP1,COL,Alpine,6.0,2.0,HARD,6.0,,73.065,75.137,34.393,269.0,148.0,203.0,257.0,1,False,False,False,False,2026-07-17 11:42:10.275,,24.0,39.9,43.8,False,3.5,317.0
2026,10,Belgian Grand Prix,FP1,COL,Alpine,7.0,2.0,HARD,7.0,111.138,31.847,49.919,29.372,297.0,204.0,202.0,306.0,1,False,True,True,False,2026-07-17 11:45:12.867,,23.9,41.5,43.4,False,0.8,209.0
2026,10,Belgian Grand Prix,FP1,COL,Alpine,8.0,2.0,HARD,8.0,,41.066,68.091,43.175,240.0,160.0,,244.0,1,False,False,False,False,2026-07-17 11:47:04.005,,24.1,42.8,43.6,False,0.9,297.0
2026,10,Belgian Grand Prix,FP1,COL,Alpine,9.0,3.0,HARD,9.0,,,58.5,33.665,260.0,178.0,199.0,257.0,1,False,False,False,False,2026-07-17 11:49:36.466,,24.3,42.9,43.2,False,1.8,54.0
2026,10,Belgian Grand Prix,FP1,COL,Alpine,10.0,3.0,HARD,10.0,136.013,35.998,66.989,33.026,196.0,172.0,212.0,267.0,1,False,False,True,False,2026-07-17 11:58:11.654,,24.5,42.5,40.8,False,0.4,101.0
2026,10,Belgian Grand Prix,FP1,COL,Alpine,11.0,3.0,HARD,11.0,110.335,31.418,49.23,29.687,304.0,206.0,199.0,306.0,1,False,True,True,False,2026-07-17 12:00:27.667,,24.5,42.1,42.3,False,0.8,335.0
2026,10,Belgian Grand Prix,FP1,COL,Alpine,12.0,3.0,HARD,12.0,,55.455,83.574,33.868,137.0,166.0,205.0,163.0,1,False,False,False,False,2026-07-17 12:02:18.002,,24.6,40.9,41.7,False,1.7,312.0
2026,10,Belgian Grand Prix,FP1,COL,Alpine,13.0,3.0,HARD,13.0,116.793,31.975,49.274,35.544,301.0,202.0,,298.0,1,False,False,False,False,2026-07-17 12:05:10.975,,24.4,39.7,41.8,False,0.7,315.0
2026,10,Belgian Grand Prix,FP1,COL,Alpine,14.0,4.0,SOFT,1.0,,,61.519,32.359,206.0,185.0,206.0,229.0,1,True,False,False,False,2026-07-17 12:07:07.768,,24.2,39.9,42.0,False,3.7,313.0
2026,10,Belgian Grand Prix,FP1,COL,Alpine,15.0,4.0,SOFT,2.0,109.403,31.326,48.618,29.459,307.0,208.0,196.0,305.0,1,True,True,True,False,2026-07-17 12:15:06.448,,23.9,39.6,43.7,False,0.0,0.0
2026,10,Belgian Grand Prix,FP1,COL,Alpine,16.0,4.0,SOFT,3.0,,52.436,90.249,38.904,151.0,144.0,202.0,179.0,1,True,False,False,False,2026-07-17 12:16:55.851,,23.9,39.5,45.4,False,0.9,176.0
2026,10,Belgian Grand Prix,FP1,COL,Alpine,17.0,4.0,SOFT,4.0,109.907,31.56,48.911,29.436,304.0,205.0,198.0,306.0,1,True,False,True,False,2026-07-17 12:19:57.466,,24.1,38.7,43.6,False,2.3,114.0
2026,10,Belgian Grand Prix,FP1,COL,Alpine,18.0,4.0,SOFT,5.0,,56.041,88.709,34.866,92.0,155.0,211.0,156.0,1,True,False,False,False,2026-07-17 12:21:47.373,,24.2,38.2,43.7,False,1.7,293.0
2026,10,Belgian Grand Prix,FP1,COL,Alpine,19.0,4.0,SOFT,6.0,109.493,31.237,49.112,29.144,306.0,205.0,206.0,300.0,1,True,False,True,False,2026-07-17 12:24:46.953,,24.2,39.2,38.8,False,2.9,315.0
2026,10,Belgian Grand Prix,FP1,COL,Alpine,20.0,4.0,SOFT,7.0,,55.203,86.604,35.894,139.0,143.0,210.0,167.0,12,True,False,False,False,2026-07-17 12:26:36.446,,24.2,38.3,39.8,False,3.3,315.0
2026,10,Belgian Grand Prix,FP1,COL,Alpine,21.0,4.0,SOFT,8.0,109.433,31.201,49.064,29.168,309.0,207.0,201.0,303.0,1,True,False,True,False,2026-07-17 12:29:34.216,,24.0,37.8,39.7,False,2.6,329.0
2026,10,Belgian Grand Prix,FP1,COL,Alpine,22.0,4.0,SOFT,9.0,148.597,43.042,61.872,43.683,239.0,152.0,70.0,243.0,1,True,False,True,False,2026-07-17 12:31:23.649,,23.9,37.6,39.8,False,2.0,328.0
2026,10,Belgian Grand Prix,FP1,COL,Alpine,23.0,4.0,SOFT,10.0,,69.482,52.765,36.304,300.0,197.0,,293.0,12,True,False,False,False,2026-07-17 12:33:52.246,,23.8,36.7,40.8,False,1.2,329.0
2026,10,Belgian Grand Prix,FP1,HAM,Ferrari,1.0,1.0,MEDIUM,1.0,,,63.684,33.595,238.0,166.0,214.0,224.0,1,True,False,False,False,2026-07-17 11:30:48.826,,23.7,41.1,45.4,False,2.2,317.0
2026,10,Belgian Grand Prix,FP1,HAM,Ferrari,2.0,1.0,MEDIUM,2.0,110.438,31.519,49.642,29.277,299.0,207.0,205.0,302.0,1,True,True,True,False,2026-07-17 11:33:10.164,,24.1,41.7,43.3,False,1.7,313.0
2026,10,Belgian Grand Prix,FP1,HAM,Ferrari,3.0,1.0,MEDIUM,3.0,,50.089,92.1,38.735,133.0,117.0,214.0,156.0,1,True,False,False,False,2026-07-17 11:35:00.602,,24.0,42.6,43.7,False,0.8,342.0
2026,10,Belgian Grand Prix,FP1,HAM,Ferrari,4.0,1.0,MEDIUM,4.0,108.842,31.429,48.189,29.224,299.0,211.0,200.0,301.0,1,True,True,True,False,2026-07-17 11:38:01.465,,24.0,41.2,42.7,False,2.2,297.0
2026,10,Belgian Grand Prix,FP1,HAM,Ferrari,5.0,1.0,MEDIUM,5.0,,64.889,,38.797,120.0,177.0,210.0,140.0,1,True,False,False,False,2026-07-17 11:39:50.307,,24.1,41.4,43.7,False,2.9,327.0
2026,10,Belgian Grand Prix,FP1,HAM,Ferrari,6.0,1.0,MEDIUM,6.0,108.366,31.358,47.981,29.027,299.0,212.0,207.0,302.0,1,True,True,True,False,2026-07-17 11:43:16.945,,24.0,41.0,43.6,False,2.8,318.0
2026,10,Belgian Grand Prix,FP1,HAM,Ferrari,7.0,1.0,MEDIUM,7.0,,67.826,,38.801,136.0,104.0,215.0,136.0,1,True,False,False,False,2026-07-17 11:45:05.311,,23.9,41.5,43.4,False,0.8,209.0
2026,10,Belgian Grand Prix,FP1,HAM,Ferrari,8.0,1.0,MEDIUM,8.0,108.056,31.293,47.821,28.942,300.0,211.0,209.0,303.0,1,True,True,True,False,2026-07-17 11:48:43.135,,24.4,42.9,41.6,False,0.4,327.0
2026,10,Belgian Grand Prix,FP1,HAM,Ferrari,9.0,1.0,MEDIUM,9.0,120.581,34.174,49.582,36.825,291.0,200.0,,269.0,1,True,False,False,False,2026-07-17 11:50:31.191,,24.3,42.9,43.2,False,1.8,54.0
2026,10,Belgian Grand Prix,FP1,HAM,Ferrari,10.0,2.0,SOFT,1.0,,,69.179,38.143,304.0,147.0,217.0,188.0,1,True,False,False,False,2026-07-17 11:52:31.772,,24.3,43.1,41.8,False,2.2,62.0
2026,10,Belgian Grand Prix,FP1,HAM,Ferrari,11.0,2.0,SOFT,2.0,107.711,31.297,47.416,28.998,297.0,212.0,208.0,300.0,1,True,True,True,False,2026-07-17 12:03:14.492,,24.5,41.1,41.7,False,1.4,327.0
2026,10,Belgian Grand Prix,FP1,HAM,Ferrari,12.0,2.0,SOFT,3.0,,73.991,,38.032,132.0,187.0,219.0,117.0,1,True,False,False,False,2026-07-17 12:05:02.203,,24.4,39.7,41.8,False,0.7,315.0
2026,10,Belgian Grand Prix,FP1,HAM,Ferrari,13.0,2.0,SOFT,4.0,107.215,30.941,47.421,28.853,298.0,213.0,210.0,305.0,1,True,True,True,False,2026-07-17 12:08:48.972,,24.1,40.0,42.7,False,2.2,314.0
2026,10,Belgian Grand Prix,FP1,HAM,Ferrari,14.0,2.0,SOFT,5.0,128.496,35.783,49.887,42.826,295.0,195.0,,266.0,1,True,False,False,False,2026-07-17 12:10:36.187,,24.1,38.8,43.1,False,2.3,296.0
2026,10,Belgian Grand Prix,FP1,HAM,Ferrari,15.0,3.0,SOFT,6.0,,,53.163,35.228,315.0,192.0,206.0,252.0,1,False,False,False,False,2026-07-17 12:12:44.683,,23.9,39.5,43.5,False,0.8,295.0
2026,10,Belgian Grand Prix,FP1,HAM,Ferrari,16.0,3.0,SOFT,7.0,111.576,31.932,49.74,29.904,314.0,206.0,211.0,291.0,1,False,False,True,False,2026-07-17 12:21:10.134,,24.2,39.0,43.2,False,0.9,171.0
2026,10,Belgian Grand Prix,FP1,HAM,Ferrari,17.0,3.0,SOFT,8.0,111.525,32.007,49.667,29.851,311.0,204.0,211.0,293.0,1,False,False,True,False,2026-07-17 12:23:01.710,,24.3,38.5,42.6,False,2.3,300.0
2026,10,Belgian Grand Prix,FP1,HAM,Ferrari,18.0,3.0,SOFT,9.0,111.721,31.893,49.996,29.832,312.0,201.0,210.0,292.0,1,False,False,True,False,2026-07-17 12:24:53.235,,24.2,39.2,38.8,False,2.9,315.0
2026,10,Belgian Grand Prix,FP1,HAM,Ferrari,19.0,3.0,SOFT,10.0,112.432,32.158,50.346,29.928,311.0,201.0,210.0,290.0,12,False,False,True,False,2026-07-17 12:26:44.956,,24.2,38.3,39.8,False,3.3,315.0
2026,10,Belgian Grand Prix,FP1,HAM,Ferrari,20.0,3.0,SOFT,11.0,112.103,32.171,50.179,29.753,311.0,202.0,209.0,294.0,1,False,False,True,False,2026-07-17 12:28:37.388,,24.0,37.8,40.3,False,2.7,321.0
2026,10,Belgian Grand Prix,FP1,HAM,Ferrari,21.0,3.0,SOFT,12.0,,47.562,73.486,43.476,195.0,147.0,65.0,171.0,1,False,False,False,False,2026-07-17 12:30:29.491,,24.0,37.8,39.7,False,2.6,329.0
2026,10,Belgian Grand Prix,FP1,HAM,Ferrari,22.0,3.0,SOFT,13.0,,79.217,52.919,36.631,189.0,192.0,,243.0,12,False,False,False,False,2026-07-17 12:33:14.135,,23.7,36.7,41.1,False,1.6,292.0
2026,10,Belgian Grand Prix,FP1,SAI,Williams,1.0,1.0,MEDIUM,1.0,,,62.46,39.482,205.0,168.0,,236.0,1,True,False,False,False,2026-07-17 11:30:02.759,,23.6,41.2,45.0,False,1.5,330.0
2026,10,Belgian Grand Prix,FP1,SAI,Williams,2.0,2.0,MEDIUM,1.0,,,54.716,33.103,267.0,176.0,209.0,277.0,1,False,False,False,False,2026-07-17 11:32:23.411,,23.9,41.7,44.5,False,2.2,329.0
2026,10,Belgian Grand Prix,FP1,SAI,Williams,3.0,2.0,MEDIUM,2.0,112.467,31.675,50.726,30.066,303.0,198.0,201.0,308.0,1,False,True,True,False,2026-07-17 11:36:40.465,,24.1,42.0,42.8,False,2.1,339.0
2026,10,Belgian Grand Prix,FP1,SAI,Williams,4.0,2.0,MEDIUM,3.0,,49.181,69.506,36.333,191.0,130.0,211.0,232.0,1,False,False,False,False,2026-07-17 11:38:32.932,,24.0,41.6,43.2,False,2.9,302.0
2026,10,Belgian Grand Prix,FP1,SAI,Williams,5.0,2.0,MEDIUM,4.0,112.364,31.529,50.555,30.28,301.0,202.0,195.0,309.0,1,False,True,True,False,2026-07-17 11:41:07.984,,24.1,40.3,43.5,False,1.9,313.0
2026,10,Belgian Grand Prix,FP1,SAI,Williams,6.0,2.0,MEDIUM,5.0,,51.247,75.478,35.164,169.0,95.0,208.0,205.0,1,False,False,False,False,2026-07-17 11:43:00.348,,24.0,41.0,43.6,False,2.8,318.0
2026,10,Belgian Grand Prix,FP1,SAI,Williams,7.0,2.0,MEDIUM,6.0,134.457,38.778,60.104,35.575,242.0,167.0,208.0,250.0,1,False,False,True,False,2026-07-17 11:45:42.234,,23.9,42.9,43.4,False,1.0,317.0
2026,10,Belgian Grand Prix,FP1,SAI,Williams,8.0,2.0,MEDIUM,7.0,117.771,31.668,50.121,35.982,308.0,199.0,,311.0,1,False,False,False,False,2026-07-17 11:47:56.691,,24.3,43.2,43.0,False,1.7,350.0
2026,10,Belgian Grand Prix,FP1,SAI,Williams,9.0,3.0,MEDIUM,9.0,,55.144,62.853,33.557,225.0,164.0,209.0,250.0,1,False,False,False,False,2026-07-17 11:49:54.462,,24.3,42.9,43.2,False,1.8,54.0
2026,10,Belgian Grand Prix,FP1,SAI,Williams,10.0,3.0,MEDIUM,10.0,115.075,31.205,50.008,33.862,307.0,202.0,166.0,312.0,1,False,False,True,False,2026-07-17 11:52:26.064,,24.3,43.1,41.8,False,2.2,62.0
2026,10,Belgian Grand Prix,FP1,SAI,Williams,11.0,3.0,MEDIUM,11.0,134.765,38.778,57.68,38.307,256.0,164.0,,243.0,1,False,False,False,False,2026-07-17 11:54:21.139,,24.4,42.8,41.1,False,2.9,162.0
2026,10,Belgian Grand Prix,FP1,SAI,Williams,12.0,4.0,SOFT,1.0,,,58.889,38.213,254.0,108.0,197.0,239.0,1,True,False,False,False,2026-07-17 11:56:35.904,,24.6,43.0,40.4,False,1.9,152.0
2026,10,Belgian Grand Prix,FP1,SAI,Williams,13.0,4.0,SOFT,2.0,139.921,46.373,60.105,33.443,188.0,165.0,217.0,188.0,1,True,False,True,False,2026-07-17 12:03:46.414,,24.4,39.7,41.8,False,0.7,315.0
2026,10,Belgian Grand Prix,FP1,SAI,Williams,14.0,4.0,SOFT,3.0,,42.321,72.626,39.862,227.0,123.0,206.0,211.0,1,True,False,False,False,2026-07-17 12:06:06.335,,24.4,40.6,42.1,False,0.8,6.0
2026,10,Belgian Grand Prix,FP1,SAI,Williams,15.0,4.0,SOFT,4.0,110.862,31.661,49.324,29.877,295.0,207.0,198.0,307.0,1,True,True,True,False,2026-07-17 12:08:41.054,,24.1,40.0,42.7,False,2.2,314.0
2026,10,Belgian Grand Prix,FP1,SAI,Williams,16.0,4.0,SOFT,5.0,125.599,36.831,51.662,37.106,290.0,183.0,,265.0,1,True,False,False,False,2026-07-17 12:10:31.916,,24.1,39.9,42.9,False,1.9,323.0
2026,10,Belgian Grand Prix,FP1,SAI,Williams,17.0,5.0,MEDIUM,12.0,,,55.156,30.638,295.0,185.0,213.0,280.0,1,False,False,False,False,2026-07-17 12:12:37.515,,23.9,39.5,43.5,False,0.8,295.0
2026,10,Belgian Grand Prix,FP1,SAI,Williams,18.0,5.0,MEDIUM,13.0,115.448,32.195,51.968,31.285,307.0,196.0,212.0,293.0,1,False,False,True,False,2026-07-17 12:19:32.435,,24.0,39.2,44.3,False,1.0,138.0
2026,10,Belgian Grand Prix,FP1,SAI,Williams,19.0,5.0,MEDIUM,14.0,114.919,32.243,52.034,30.642,307.0,194.0,211.0,293.0,1,False,False,True,False,2026-07-17 12:21:27.883,,24.2,39.0,43.2,False,0.9,171.0
2026,10,Belgian Grand Prix,FP1,SAI,Williams,20.0,5.0,MEDIUM,15.0,115.086,32.294,52.182,30.61,304.0,194.0,214.0,291.0,1,False,False,True,False,2026-07-17 12:23:22.802,,24.3,38.5,42.6,False,2.3,300.0
2026,10,Belgian Grand Prix,FP1,SAI,Williams,21.0,5.0,MEDIUM,16.0,115.292,32.479,52.129,30.684,300.0,191.0,213.0,287.0,1,False,False,True,False,2026-07-17 12:25:17.888,,24.2,39.2,38.8,False,2.9,315.0
2026,10,Belgian Grand Prix,FP1,SAI,Williams,22.0,5.0,MEDIUM,17.0,115.568,32.57,52.191,30.807,300.0,195.0,213.0,288.0,12,False,False,True,False,2026-07-17 12:27:13.180,,24.2,38.3,39.8,False,3.3,315.0
2026,10,Belgian Grand Prix,FP1,SAI,Williams,23.0,5.0,MEDIUM,18.0,115.943,32.515,52.517,30.911,303.0,190.0,211.0,290.0,1,False,False,True,False,2026-07-17 12:29:08.748,,24.0,37.8,40.3,False,2.7,321.0
2026,10,Belgian Grand Prix,FP1,SAI,Williams,24.0,5.0,MEDIUM,19.0,,48.011,61.821,41.121,232.0,153.0,89.0,196.0,1,False,False,False,False,2026-07-17 12:31:04.691,,23.9,37.6,39.8,False,2.0,328.0
2026,10,Belgian Grand Prix,FP1,SAI,Williams,25.0,5.0,MEDIUM,20.0,,62.071,55.168,43.714,294.0,156.0,,283.0,12,False,False,False,False,2026-07-17 12:33:35.694,,23.8,36.7,40.8,False,1.2,329.0
2026,10,Belgian Grand Prix,FP1,RUS,Mercedes,1.0,1.0,MEDIUM,1.0,,,54.708,36.393,245.0,190.0,214.0,244.0,1,True,False,False,False,2026-07-17 11:30:18.554,,23.6,41.2,45.0,False,1.5,330.0
2026,10,Belgian Grand Prix,FP1,RUS,Mercedes,2.0,1.0,MEDIUM,2.0,110.654,31.315,49.739,29.6,300.0,206.0,196.0,304.0,1,True,True,True,False,2026-07-17 11:32:29.561,,23.9,41.7,44.5,False,2.2,329.0
2026,10,Belgian Grand Prix,FP1,RUS,Mercedes,3.0,1.0,MEDIUM,3.0,,52.506,76.545,33.644,199.0,138.0,211.0,170.0,1,True,False,False,False,2026-07-17 11:34:20.215,,24.0,42.2,43.6,False,1.6,349.0
2026,10,Belgian Grand Prix,FP1,RUS,Mercedes,4.0,1.0,MEDIUM,4.0,109.928,31.278,49.354,29.296,298.0,206.0,198.0,315.0,1,True,True,True,False,2026-07-17 11:37:02.835,,24.1,42.0,42.8,False,2.1,339.0
2026,10,Belgian Grand Prix,FP1,RUS,Mercedes,5.0,1.0,MEDIUM,5.0,,51.054,73.522,32.745,199.0,177.0,216.0,184.0,1,True,False,False,False,2026-07-17 11:38:52.763,,24.0,41.6,43.2,False,2.9,302.0
2026,10,Belgian Grand Prix,FP1,RUS,Mercedes,6.0,1.0,MEDIUM,6.0,,31.075,72.533,47.594,299.0,105.0,213.0,309.0,1,True,False,False,False,2026-07-17 11:41:30.209,,24.1,40.3,43.5,False,1.9,313.0
2026,10,Belgian Grand Prix,FP1,RUS,Mercedes,7.0,1.0,MEDIUM,7.0,109.577,31.122,49.218,29.237,297.0,206.0,163.0,313.0,1,True,True,True,False,2026-07-17 11:44:01.359,,24.0,40.9,43.0,False,0.9,308.0
2026,10,Belgian Grand Prix,FP1,RUS,Mercedes,8.0,1.0,MEDIUM,8.0,141.409,46.68,55.169,39.56,248.0,194.0,,244.0,1,True,False,False,False,2026-07-17 11:45:50.936,,23.9,42.9,43.4,False,1.0,317.0
2026,10,Belgian Grand Prix,FP1,RUS,Mercedes,9.0,2.0,SOFT,1.0,,,56.135,32.442,253.0,181.0,216.0,293.0,1,True,False,False,False,2026-07-17 11:48:12.345,,24.3,43.2,43.0,False,1.7,350.0
2026,10,Belgian Grand Prix,FP1,RUS,Mercedes,10.0,2.0,SOFT,2.0,107.959,30.693,48.29,28.976,305.0,212.0,184.0,309.0,1,True,True,True,False,2026-07-17 11:57:55.442,,24.5,42.5,40.8,False,0.4,101.0
2026,10,Belgian Grand Prix,FP1,RUS,Mercedes,11.0,2.0,SOFT,3.0,,59.507,89.671,32.773,199.0,177.0,215.0,162.0,1,True,False,False,False,2026-07-17 11:59:43.401,,24.5,42.1,42.3,False,0.8,335.0
2026,10,Belgian Grand Prix,FP1,RUS,Mercedes,12.0,2.0,SOFT,4.0,135.231,31.031,70.432,33.768,299.0,161.0,215.0,303.0,1,True,False,True,False,2026-07-17 12:02:45.370,,24.5,41.1,41.7,False,1.4,327.0
2026,10,Belgian Grand Prix,FP1,RUS,Mercedes,13.0,2.0,SOFT,5.0,114.929,30.819,48.316,35.794,304.0,210.0,,306.0,1,True,False,False,False,2026-07-17 12:05:00.601,,24.4,39.7,41.8,False,0.7,315.0
2026,10,Belgian Grand Prix,FP1,RUS,Mercedes,14.0,3.0,MEDIUM,9.0,,,51.415,30.02,303.0,200.0,212.0,285.0,1,False,False,False,False,2026-07-17 12:06:55.530,,24.2,39.9,42.0,False,3.7,313.0
2026,10,Belgian Grand Prix,FP1,RUS,Mercedes,15.0,3.0,MEDIUM,10.0,112.337,31.782,50.678,29.877,308.0,199.0,213.0,298.0,1,False,False,True,False,2026-07-17 12:14:02.639,,23.9,39.5,44.3,False,0.7,108.0
2026,10,Belgian Grand Prix,FP1,RUS,Mercedes,16.0,3.0,MEDIUM,11.0,112.29,31.667,50.7,29.923000000000002,310.0,200.0,215.0,300.0,1,False,False,True,False,2026-07-17 12:15:54.976,,23.9,39.5,45.4,False,0.9,176.0
2026,10,Belgian Grand Prix,FP1,RUS,Mercedes,17.0,3.0,MEDIUM,12.0,112.594,31.59,50.955,30.049,311.0,198.0,212.0,298.0,1,False,False,True,False,2026-07-17 12:17:47.266,,23.9,39.4,44.7,False,1.7,155.0
2026,10,Belgian Grand Prix,FP1,RUS,Mercedes,18.0,3.0,MEDIUM,13.0,113.249,31.879,51.082,30.288,309.0,201.0,213.0,296.0,1,False,False,True,False,2026-07-17 12:19:39.860,,24.1,38.7,43.6,False,2.3,114.0
2026,10,Belgian Grand Prix,FP1,RUS,Mercedes,19.0,3.0,MEDIUM,14.0,120.119,32.01,51.27,36.839,310.0,198.0,,296.0,1,False,False,False,False,2026-07-17 12:21:33.109,,24.2,38.2,43.7,False,1.7,293.0
2026,10,Belgian Grand Prix,FP1,RUS,Mercedes,20.0,4.0,SOFT,6.0,,,53.113,55.145,303.0,193.0,68.0,287.0,12,False,False,False,False,2026-07-17 12:23:33.228,,24.3,38.3,40.1,False,2.3,320.0
2026,10,Belgian Grand Prix,FP1,RUS,Mercedes,21.0,4.0,SOFT,7.0,145.839,39.294,61.769,44.776,222.0,155.0,77.0,262.0,1,False,False,True,False,2026-07-17 12:30:03.857,,24.0,37.8,39.7,False,2.6,329.0
2026,10,Belgian Grand Prix,FP1,RUS,Mercedes,22.0,4.0,SOFT,8.0,,67.785,53.023,38.693,301.0,190.0,,291.0,1,False,False,False,False,2026-07-17 12:32:29.696,,23.8,37.0,40.4,False,1.5,311.0
2026,10,Belgian Grand Prix,FP1,BOT,Cadillac,1.0,1.0,HARD,1.0,,,60.103,40.296,220.0,182.0,201.0,238.0,1,True,False,False,False,2026-07-17 11:31:19.900,,23.7,41.1,45.4,False,2.2,317.0
2026,10,Belgian Grand Prix,FP1,BOT,Cadillac,2.0,1.0,HARD,2.0,113.826,32.173,51.361,30.292,293.0,198.0,175.0,296.0,1,True,True,True,False,2026-07-17 11:33:40.718,,24.0,42.2,43.6,False,1.6,349.0
2026,10,Belgian Grand Prix,FP1,BOT,Cadillac,3.0,1.0,HARD,3.0,148.285,43.067,66.65,38.568,263.0,137.0,214.0,159.0,1,True,False,True,False,2026-07-17 11:35:34.544,,24.0,42.2,43.2,False,2.7,316.0
2026,10,Belgian Grand Prix,FP1,BOT,Cadillac,4.0,1.0,HARD,4.0,111.431,31.237,50.443,29.751,310.0,195.0,200.0,302.0,1,True,True,True,False,2026-07-17 11:38:02.829,,24.0,41.2,42.7,False,2.2,297.0
2026,10,Belgian Grand Prix,FP1,BOT,Cadillac,5.0,1.0,HARD,5.0,143.948,40.781,62.574,40.593,238.0,146.0,,265.0,1,True,False,False,False,2026-07-17 11:39:54.260,,24.1,41.4,43.7,False,2.9,327.0
2026,10,Belgian Grand Prix,FP1,BOT,Cadillac,6.0,2.0,HARD,6.0,,,63.462,37.36,278.0,149.0,213.0,236.0,1,False,False,False,False,2026-07-17 11:42:18.208,,24.0,39.9,43.8,False,3.5,317.0
2026,10,Belgian Grand Prix,FP1,BOT,Cadillac,7.0,2.0,HARD,7.0,111.64,31.754,50.347,29.539,298.0,201.0,212.0,300.0,1,False,False,True,False,2026-07-17 11:47:19.039,,24.1,42.8,43.6,False,0.9,297.0
2026,10,Belgian Grand Prix,FP1,BOT,Cadillac,8.0,2.0,HARD,8.0,146.399,41.529,67.74,37.13,226.0,148.0,215.0,216.0,1,False,False,True,False,2026-07-17 11:49:10.679,,24.4,42.9,41.6,False,0.4,327.0
2026,10,Belgian Grand Prix,FP1,BOT,Cadillac,9.0,2.0,HARD,9.0,111.0,31.405,50.097,29.498,305.0,201.0,214.0,302.0,1,False,True,True,False,2026-07-17 11:51:37.078,,24.3,43.1,41.8,False,2.2,62.0
2026,10,Belgian Grand Prix,FP1,BOT,Cadillac,10.0,2.0,HARD,10.0,134.109,39.478,56.185,38.446,261.0,167.0,,205.0,1,False,False,False,False,2026-07-17 11:53:28.078,,24.4,42.6,41.4,False,3.7,150.0
2026,10,Belgian Grand Prix,FP1,BOT,Cadillac,11.0,3.0,SOFT,1.0,,,67.685,36.574,166.0,143.0,216.0,206.0,1,True,False,False,False,2026-07-17 11:55:42.187,,24.6,42.9,40.9,False,2.5,148.0
2026,10,Belgian Grand Prix,FP1,BOT,Cadillac,12.0,3.0,SOFT,2.0,109.839,31.377,49.123,29.339,302.0,205.0,210.0,303.0,1,True,True,True,False,2026-07-17 12:10:29.214,,24.1,39.9,42.9,False,1.9,323.0
2026,10,Belgian Grand Prix,FP1,BOT,Cadillac,13.0,3.0,SOFT,3.0,146.061,40.401,70.315,35.345,228.0,162.0,218.0,220.0,1,True,False,True,False,2026-07-17 12:12:19.053,,24.1,38.7,43.5,False,1.6,288.0
2026,10,Belgian Grand Prix,FP1,BOT,Cadillac,14.0,3.0,SOFT,4.0,117.749,31.35,49.136,37.263,301.0,205.0,,304.0,1,True,False,False,False,2026-07-17 12:14:45.114,,23.9,39.6,43.7,False,0.0,0.0
2026,10,Belgian Grand Prix,FP1,BOT,Cadillac,15.0,4.0,HARD,11.0,,,53.996,31.072,295.0,185.0,210.0,232.0,1,False,False,False,False,2026-07-17 12:16:42.863,,23.9,39.5,45.4,False,0.9,176.0
2026,10,Belgian Grand Prix,FP1,BOT,Cadillac,16.0,4.0,HARD,12.0,117.367,33.976,52.364,31.027,305.0,195.0,211.0,215.0,1,False,False,True,False,2026-07-17 12:22:50.931,,24.3,38.5,42.6,False,2.3,300.0
2026,10,Belgian Grand Prix,FP1,BOT,Cadillac,17.0,4.0,HARD,13.0,122.749,32.247,58.903,31.599,309.0,174.0,207.0,289.0,1,False,False,True,False,2026-07-17 12:24:48.298,,24.2,39.2,38.8,False,2.9,315.0
2026,10,Belgian Grand Prix,FP1,BOT,Cadillac,18.0,4.0,HARD,14.0,116.252,32.505,52.865,30.882,306.0,192.0,211.0,286.0,12,False,False,True,False,2026-07-17 12:26:51.047,,24.2,38.3,39.8,False,3.3,315.0
2026,10,Belgian Grand Prix,FP1,BOT,Cadillac,19.0,4.0,HARD,15.0,115.825,32.407,52.865,30.553,309.0,196.0,210.0,292.0,1,False,False,True,False,2026-07-17 12:28:47.299,,24.0,37.8,40.3,False,2.7,321.0
2026,10,Belgian Grand Prix,FP1,BOT,Cadillac,20.0,4.0,HARD,16.0,140.783,35.767,59.603,45.413,238.0,162.0,59.0,275.0,1,False,False,True,False,2026-07-17 12:30:43.124,,23.9,37.6,39.8,False,2.0,328.0
2026,10,Belgian Grand Prix,FP1,BOT,Cadillac,21.0,4.0,HARD,17.0,,67.031,62.008,38.238,202.0,143.0,,292.0,1,False,False,False,False,2026-07-17 12:33:03.907,,23.7,36.7,41.1,False,1.6,292.0
2026,10,Belgian Grand Prix,FP1,PIA,McLaren,1.0,1.0,MEDIUM,1.0,,,60.073,44.743,253.0,137.0,198.0,210.0,1,True,False,False,False,2026-07-17 11:31:29.318,,23.7,41.1,45.4,False,2.2,317.0
2026,10,Belgian Grand Prix,FP1,PIA,McLaren,2.0,1.0,MEDIUM,2.0,111.33,32.498,49.378,29.454,293.0,200.0,190.0,282.0,1,True,True,True,False,2026-07-17 11:33:55.728,,24.0,42.2,43.6,False,1.6,349.0
2026,10,Belgian Grand Prix,FP1,PIA,McLaren,3.0,1.0,MEDIUM,3.0,,43.443,78.328,60.531,194.0,127.0,144.0,204.0,1,True,False,False,False,2026-07-17 11:35:47.058,,24.0,42.2,43.2,False,2.7,316.0
2026,10,Belgian Grand Prix,FP1,PIA,McLaren,4.0,1.0,MEDIUM,4.0,149.036,43.002,65.865,40.169,198.0,158.0,208.0,232.0,1,True,False,True,False,2026-07-17 11:38:49.369,,24.0,41.6,43.2,False,2.9,302.0
2026,10,Belgian Grand Prix,FP1,PIA,McLaren,5.0,1.0,MEDIUM,5.0,109.801,32.112,48.442,29.247,289.0,203.0,210.0,285.0,1,True,True,True,False,2026-07-17 11:41:18.405,,24.1,40.3,43.5,False,1.9,313.0
2026,10,Belgian Grand Prix,FP1,PIA,McLaren,6.0,1.0,MEDIUM,6.0,,46.638,76.582,44.346,206.0,128.0,206.0,250.0,1,True,False,False,False,2026-07-17 11:43:08.206,,24.0,41.0,43.6,False,2.8,318.0
2026,10,Belgian Grand Prix,FP1,PIA,McLaren,7.0,1.0,MEDIUM,7.0,130.005,31.548000000000002,49.138,49.319,301.0,202.0,,294.0,1,True,False,False,False,2026-07-17 11:45:55.913,,23.9,42.9,43.4,False,1.0,317.0
2026,10,Belgian Grand Prix,FP1,PIA,McLaren,8.0,2.0,MEDIUM,8.0,,,59.673,34.603,220.0,148.0,218.0,238.0,1,False,False,False,False,2026-07-17 11:48:05.918,,24.3,43.2,43.0,False,1.7,350.0
2026,10,Belgian Grand Prix,FP1,PIA,McLaren,9.0,2.0,MEDIUM,9.0,109.585,31.047,48.8,29.738,300.0,203.0,180.0,303.0,1,False,True,True,False,2026-07-17 11:57:43.511,,24.5,42.5,40.8,False,0.4,101.0
2026,10,Belgian Grand Prix,FP1,PIA,McLaren,10.0,2.0,MEDIUM,10.0,,45.905,69.026,36.447,239.0,145.0,217.0,201.0,1,False,False,False,False,2026-07-17 11:59:33.096,,24.5,42.1,42.3,False,0.8,335.0
2026,10,Belgian Grand Prix,FP1,PIA,McLaren,11.0,2.0,MEDIUM,11.0,116.068,31.306,48.437,36.325,303.0,210.0,,298.0,1,False,False,False,False,2026-07-17 12:02:04.593,,24.6,40.9,41.7,False,1.7,312.0
2026,10,Belgian Grand Prix,FP1,PIA,McLaren,12.0,3.0,SOFT,1.0,,,56.833,33.057,271.0,162.0,219.0,225.0,1,True,False,False,False,2026-07-17 12:04:00.661,,24.4,39.7,41.8,False,0.7,315.0
2026,10,Belgian Grand Prix,FP1,PIA,McLaren,13.0,3.0,SOFT,2.0,107.522,30.91,47.383,29.229,300.0,208.0,189.0,304.0,1,True,True,True,False,2026-07-17 12:12:07.694,,24.1,38.7,43.5,False,1.6,288.0
2026,10,Belgian Grand Prix,FP1,PIA,McLaren,14.0,3.0,SOFT,3.0,133.173,42.516,55.57,35.087,295.0,206.0,,249.0,1,True,False,False,False,2026-07-17 12:13:55.216,,23.9,39.5,44.3,False,0.7,108.0
2026,10,Belgian Grand Prix,FP1,PIA,McLaren,15.0,4.0,MEDIUM,12.0,126.403,47.187,49.316,29.9,299.0,202.0,224.0,293.0,1,False,False,False,False,2026-07-17 12:16:08.389,,23.9,39.5,45.4,False,0.9,176.0
2026,10,Belgian Grand Prix,FP1,PIA,McLaren,16.0,4.0,MEDIUM,13.0,110.25,31.315,49.298,29.637,311.0,210.0,220.0,309.0,1,False,False,True,False,2026-07-17 12:18:14.792,,23.9,39.4,44.7,False,1.7,155.0
2026,10,Belgian Grand Prix,FP1,PIA,McLaren,17.0,4.0,MEDIUM,14.0,110.557,31.381,49.574,29.602,313.0,203.0,223.0,302.0,1,False,False,True,False,2026-07-17 12:20:05.042,,24.1,38.7,43.6,False,2.3,114.0
2026,10,Belgian Grand Prix,FP1,PIA,McLaren,18.0,4.0,MEDIUM,15.0,110.78,31.739,49.397,29.644,304.0,204.0,222.0,297.0,1,False,False,True,False,2026-07-17 12:21:55.599,,24.2,38.2,43.7,False,1.7,293.0
2026,10,Belgian Grand Prix,FP1,PIA,McLaren,19.0,4.0,MEDIUM,16.0,110.651,31.666,49.483,29.502,305.0,207.0,218.0,298.0,1,False,False,True,False,2026-07-17 12:23:46.379,,24.3,38.3,40.1,False,2.3,320.0
2026,10,Belgian Grand Prix,FP1,PIA,McLaren,20.0,4.0,MEDIUM,17.0,111.089,31.591,49.874,29.624,309.0,205.0,209.0,300.0,1,False,False,True,False,2026-07-17 12:25:37.030,,24.2,38.5,39.3,False,3.5,321.0
2026,10,Belgian Grand Prix,FP1,PIA,McLaren,21.0,4.0,MEDIUM,18.0,,40.582,,51.171,100.0,136.0,,307.0,12,False,False,False,False,2026-07-17 12:27:28.119,,24.2,38.3,39.8,False,3.3,315.0
2026,10,Belgian Grand Prix,FP1,BEA,Haas F1 Team,1.0,1.0,MEDIUM,1.0,,,63.085,33.961,226.0,161.0,214.0,234.0,1,True,False,False,False,2026-07-17 11:30:31.745,,23.6,41.2,45.0,False,1.5,330.0
2026,10,Belgian Grand Prix,FP1,BEA,Haas F1 Team,2.0,1.0,MEDIUM,2.0,113.962,32.41,51.152,30.4,303.0,203.0,216.0,287.0,1,True,True,True,False,2026-07-17 11:32:59.889,,24.1,41.7,43.3,False,1.7,313.0
2026,10,Belgian Grand Prix,FP1,BEA,Haas F1 Team,3.0,1.0,MEDIUM,3.0,112.053,31.897,50.428,29.728,309.0,202.0,214.0,291.0,1,True,True,True,False,2026-07-17 11:34:53.851,,24.0,42.6,43.7,False,0.8,342.0
2026,10,Belgian Grand Prix,FP1,BEA,Haas F1 Team,4.0,1.0,MEDIUM,4.0,,42.619,70.104,44.386,199.0,145.0,,204.0,1,True,False,False,False,2026-07-17 11:36:45.904,,24.1,42.0,42.8,False,2.1,339.0
2026,10,Belgian Grand Prix,FP1,BEA,Haas F1 Team,5.0,2.0,MEDIUM,5.0,,,58.942,34.052,302.0,176.0,215.0,277.0,1,False,False,False,False,2026-07-17 11:39:23.100,,24.0,41.6,43.2,False,2.9,302.0
2026,10,Belgian Grand Prix,FP1,BEA,Haas F1 Team,6.0,2.0,MEDIUM,6.0,111.262,31.931,49.663,29.668,305.0,206.0,214.0,289.0,1,False,True,True,False,2026-07-17 11:44:35.608,,23.9,41.5,43.4,False,0.8,209.0
2026,10,Belgian Grand Prix,FP1,BEA,Haas F1 Team,7.0,2.0,MEDIUM,7.0,112.576,32.014,50.534,30.028,302.0,201.0,215.0,291.0,1,False,False,True,False,2026-07-17 11:46:26.870,,23.9,42.9,43.4,False,1.0,317.0
2026,10,Belgian Grand Prix,FP1,BEA,Haas F1 Team,8.0,2.0,MEDIUM,8.0,147.677,36.501,71.811,39.365,199.0,151.0,,292.0,1,False,False,False,False,2026-07-17 11:48:19.446,,24.3,43.2,43.0,False,1.7,350.0
2026,10,Belgian Grand Prix,FP1,BEA,Haas F1 Team,9.0,3.0,MEDIUM,9.0,,,63.842,33.269,235.0,183.0,216.0,193.0,1,False,False,False,False,2026-07-17 11:50:47.123,,24.3,42.9,41.7,False,2.8,152.0
2026,10,Belgian Grand Prix,FP1,BEA,Haas F1 Team,10.0,3.0,MEDIUM,10.0,110.58,31.465,49.79,29.325,296.0,204.0,203.0,299.0,1,False,True,True,False,2026-07-17 12:00:40.453,,24.6,42.1,41.8,False,2.1,298.0
2026,10,Belgian Grand Prix,FP1,BEA,Haas F1 Team,11.0,3.0,MEDIUM,11.0,,74.648,86.002,39.333,141.0,118.0,161.0,177.0,1,False,False,False,False,2026-07-17 12:02:31.033,,24.6,40.9,41.7,False,1.7,312.0
2026,10,Belgian Grand Prix,FP1,BEA,Haas F1 Team,12.0,3.0,MEDIUM,12.0,133.207,40.865,58.136,34.206,284.0,169.0,216.0,226.0,1,False,False,True,False,2026-07-17 12:05:50.972,,24.4,40.6,42.1,False,0.8,6.0
2026,10,Belgian Grand Prix,FP1,BEA,Haas F1 Team,13.0,3.0,MEDIUM,13.0,110.152,31.509,49.556,29.087,288.0,205.0,203.0,300.0,1,False,True,True,False,2026-07-17 12:08:04.179,,24.1,40.0,42.7,False,2.2,314.0
2026,10,Belgian Grand Prix,FP1,BEA,Haas F1 Team,14.0,3.0,MEDIUM,14.0,142.854,53.029,51.42,38.405,206.0,191.0,,202.0,1,False,False,False,False,2026-07-17 12:09:54.331,,24.1,39.9,42.9,False,1.9,323.0
2026,10,Belgian Grand Prix,FP1,BEA,Haas F1 Team,15.0,4.0,SOFT,1.0,,,63.312,32.049,224.0,165.0,217.0,224.0,1,True,False,False,False,2026-07-17 12:12:17.185,,24.1,38.7,43.5,False,1.6,288.0
2026,10,Belgian Grand Prix,FP1,BEA,Haas F1 Team,16.0,4.0,SOFT,2.0,109.01,31.161,48.929,28.92,297.0,209.0,207.0,303.0,1,True,True,True,False,2026-07-17 12:20:39.552,,24.2,39.0,43.2,False,0.9,171.0
2026,10,Belgian Grand Prix,FP1,BEA,Haas F1 Team,17.0,4.0,SOFT,3.0,,66.915,77.06,49.322,123.0,142.0,,157.0,1,True,False,False,False,2026-07-17 12:22:28.562,,24.2,38.2,43.7,False,1.7,293.0
2026,10,Belgian Grand Prix,FP1,BEA,Haas F1 Team,18.0,5.0,SOFT,4.0,148.598,65.528,50.733,32.337,320.0,199.0,215.0,208.0,1,False,False,False,False,2026-07-17 12:25:41.913,,24.2,38.5,39.3,False,3.5,321.0
2026,10,Belgian Grand Prix,FP1,BEA,Haas F1 Team,19.0,5.0,SOFT,5.0,112.508,32.456,49.967,30.085,301.0,204.0,214.0,288.0,12,False,False,True,False,2026-07-17 12:28:10.511,,24.2,38.3,39.8,False,3.3,315.0
2026,10,Belgian Grand Prix,FP1,BEA,Haas F1 Team,20.0,5.0,SOFT,6.0,137.21,31.905,50.676,54.629,307.0,202.0,68.0,291.0,1,False,False,True,False,2026-07-17 12:30:03.019,,24.0,37.8,39.7,False,2.6,329.0
2026,10,Belgian Grand Prix,FP1,BEA,Haas F1 Team,21.0,5.0,SOFT,7.0,146.835,61.589,50.345,34.901,305.0,204.0,,290.0,1,False,False,False,False,2026-07-17 12:32:20.229,,23.8,37.0,40.4,False,1.5,311.0
