id,season,round,race_id,session_id,session_code,driver_id,constructor_id,representative_lap_s,best_lap_s,long_run_lap_s,long_run_degradation_s,gap_to_session_best_s,pace_rank,gap_to_teammate_s,top_speed_kph,air_temp_c,track_temp_c,rainfall_flag,source_label
2024-01-bahrain|FP1|alonso,2024,1,2024-01-bahrain,2024-01-bahrain|FP1,FP1,alonso,aston_martin,93.8975,93.193,116.9873,-0.5153333333333339,0.0,1.0,-0.3646666666666647,313.0,,,False,race_week_session_pace_v1
2024-01-bahrain|FP2|alonso,2024,1,2024-01-bahrain,2024-01-bahrain|FP2,FP2,alonso,aston_martin,94.0335,90.66,102.53223076923076,3.954500000000001,1.1436666666666753,12.0,0.2660000000000195,316.0,,,False,race_week_session_pace_v1
2024-01-bahrain|FP3|alonso,2024,1,2024-01-bahrain,2024-01-bahrain|FP3,FP3,alonso,aston_martin,93.757,90.965,107.604375,4.25,1.30683333333333,4.0,0.0253333333333216,315.0,,,False,race_week_session_pace_v1
2024-01-bahrain|Q|alonso,2024,1,2024-01-bahrain,2024-01-bahrain|Q,Q,alonso,aston_martin,98.86783333333334,89.542,113.925,,8.926333333333332,15.0,1.265666666666661,319.0,,,False,race_week_session_pace_v1
2024-01-bahrain|R|alonso,2024,1,2024-01-bahrain,2024-01-bahrain|R,R,alonso,aston_martin,94.68283333333332,94.199,97.20570833333332,-0.0583829787234042,0.7194999999999823,3.0,-0.6237500000000011,324.0,,,False,race_week_session_pace_v1
2024-02-jeddah|FP1|alonso,2024,2,2024-02-jeddah,2024-02-jeddah|FP1,FP1,alonso,aston_martin,90.70333333333332,89.845,102.9356,1.3421428571428575,0.0,1.0,-0.6162499999999937,333.0,,,False,race_week_session_pace_v1
2024-02-jeddah|FP2|alonso,2024,2,2024-02-jeddah,2024-02-jeddah|FP2,FP2,alonso,aston_martin,91.333,88.827,103.29868421052632,0.3121666666666666,0.9750000000000228,7.0,0.1970833333333388,331.0,,,False,race_week_session_pace_v1
2024-02-jeddah|FP3|alonso,2024,2,2024-02-jeddah,2024-02-jeddah|FP3,FP3,alonso,aston_martin,100.52,89.038,120.507,3.914333333333332,9.846833333333336,13.0,-0.1630833333333328,333.0,,,False,race_week_session_pace_v1
2024-02-jeddah|FP3|bearman,2024,2,2024-02-jeddah,2024-02-jeddah|FP3,FP3,bearman,ferrari,91.50916666666666,89.306,105.12330769230768,0.0234999999999985,0.8359999999999985,4.0,0.2830833333333373,332.0,,,False,race_week_session_pace_v1
2024-02-jeddah|Q|alonso,2024,2,2024-02-jeddah,2024-02-jeddah|Q,Q,alonso,aston_martin,91.77333333333333,87.846,108.21833333333332,15.564499999999995,3.78516666666664,10.0,0.9239999999999924,331.0,,,False,race_week_session_pace_v1
2024-02-jeddah|Q|bearman,2024,2,2024-02-jeddah,2024-02-jeddah|Q,Q,bearman,ferrari,92.2995,88.642,109.757,0.0173333333333355,4.311333333333323,11.0,2.038083333333347,331.0,,,False,race_week_session_pace_v1
2024-02-jeddah|R|alonso,2024,2,2024-02-jeddah,2024-02-jeddah|R,R,alonso,aston_martin,92.41666666666669,92.387,94.38195454545456,-0.0457441860465116,0.4060000000000201,7.0,-2.3524666666666576,327.0,,,False,race_week_session_pace_v1
2024-02-jeddah|R|bearman,2024,2,2024-02-jeddah,2024-02-jeddah|R,R,bearman,ferrari,92.40733333333333,92.186,94.61854761904765,-0.0830975609756096,0.3966666666666611,6.0,0.1678333333333341,336.0,,,False,race_week_session_pace_v1
2024-03-albert_park|FP1|alonso,2024,3,2024-03-albert_park,2024-03-albert_park|FP1,FP1,alonso,aston_martin,84.84599999999999,79.716,89.70066666666668,-2.7886000000000024,5.74166666666666,19.0,2.8388333333333264,320.0,,,False,race_week_session_pace_v1
2024-03-albert_park|FP2|alonso,2024,3,2024-03-albert_park,2024-03-albert_park|FP2,FP2,alonso,aston_martin,79.27250000000001,77.912,93.031,1.3688421052631576,0.4236666666666764,7.0,-0.0550833333333287,322.0,,,False,race_week_session_pace_v1
2024-03-albert_park|FP3|alonso,2024,3,2024-03-albert_park,2024-03-albert_park|FP3,FP3,alonso,aston_martin,77.73933333333333,76.997,99.7707142857143,5.925833333333334,0.3659999999999996,4.0,-0.0349999999999965,323.0,,,False,race_week_session_pace_v1
2024-03-albert_park|Q|alonso,2024,3,2024-03-albert_park,2024-03-albert_park|Q,Q,alonso,aston_martin,77.1615,76.71,95.07,36.158,0.5955000000000155,7.0,0.0301666666666733,324.0,,,False,race_week_session_pace_v1
2024-03-albert_park|R|alonso,2024,3,2024-03-albert_park,2024-03-albert_park|R,R,alonso,aston_martin,80.78966666666666,80.493,84.47189795918368,0.9316458333333336,0.7411666666666576,7.0,-0.1241666666666674,329.0,,,False,race_week_session_pace_v1
2024-04-suzuka|FP1|alonso,2024,4,2024-04-suzuka,2024-04-suzuka|FP1,FP1,alonso,aston_martin,92.71999999999998,90.599,107.178,-0.6658000000000002,0.275833333333324,3.0,-1.5628333333333444,296.0,,,False,race_week_session_pace_v1
2024-04-suzuka|FP3|alonso,2024,4,2024-04-suzuka,2024-04-suzuka|FP3,FP3,alonso,aston_martin,91.56383333333332,90.082,99.52442857142856,2.284230769230769,0.0,1.0,-1.0459166666666704,301.0,,,False,race_week_session_pace_v1
2024-04-suzuka|Q|alonso,2024,4,2024-04-suzuka,2024-04-suzuka|Q,Q,alonso,aston_martin,100.1095,88.686,,,10.2735,15.0,-1.5496249999999918,300.0,,,False,race_week_session_pace_v1
2024-04-suzuka|R|alonso,2024,4,2024-04-suzuka,2024-04-suzuka|R,R,alonso,aston_martin,95.356,94.726,97.14782926829268,-0.0701499999999999,1.093666666666664,9.0,-0.3498333333333505,303.0,,,False,race_week_session_pace_v1
2024-05-shanghai|FP1|alonso,2024,5,2024-05-shanghai,2024-05-shanghai|FP1,FP1,alonso,aston_martin,100.67516666666668,98.936,112.12421428571427,0.7657692307692306,1.9268333333333345,17.0,0.7155000000000058,321.0,,,False,race_week_session_pace_v1
2024-05-shanghai|Q|alonso,2024,5,2024-05-shanghai,2024-05-shanghai|Q,Q,alonso,aston_martin,100.38466666666666,94.148,,,6.169666666666672,12.0,-2.6791666666666742,334.0,,,False,race_week_session_pace_v1
2024-05-shanghai|R|alonso,2024,5,2024-05-shanghai,2024-05-shanghai|R,R,alonso,aston_martin,99.11916666666669,97.81,106.52143589743592,-0.0739736842105265,0.4951666666666625,3.0,-0.318333333333328,335.0,,,False,race_week_session_pace_v1
2024-05-shanghai|S|alonso,2024,5,2024-05-shanghai,2024-05-shanghai|S,S,alonso,aston_martin,101.15466666666669,100.537,104.155125,1.7829333333333333,0.3421666666666567,3.0,-0.632000000000005,336.0,,,False,race_week_session_pace_v1
2024-05-shanghai|SQ|alonso,2024,5,2024-05-shanghai,2024-05-shanghai|SQ,SQ,alonso,aston_martin,109.065,96.119,114.9175,34.477000000000004,6.303833333333344,11.0,-2.026083333333318,318.0,,,False,race_week_session_pace_v1
2024-06-miami|FP1|alonso,2024,6,2024-06-miami,2024-06-miami|FP1,FP1,alonso,aston_martin,91.0235,90.023,106.38328571428572,-1.1802307692307703,1.3870000000000149,12.0,0.3132500000000107,339.0,,,False,race_week_session_pace_v1
2024-06-miami|Q|alonso,2024,6,2024-06-miami,2024-06-miami|Q,Q,alonso,aston_martin,91.3425,88.427,106.434,35.404,3.688999999999993,10.0,-0.3354999999999961,337.0,,,False,race_week_session_pace_v1
2024-06-miami|R|alonso,2024,6,2024-06-miami,2024-06-miami|R,R,alonso,aston_martin,91.92383333333332,91.727,96.038568627451,-0.02972,0.962666666666678,10.0,0.0853333333333239,336.0,,,False,race_week_session_pace_v1
2024-06-miami|S|alonso,2024,6,2024-06-miami,2024-06-miami|S,S,alonso,aston_martin,92.63666666666668,92.355,96.83088235294116,-1.998000000000001,1.8538333333333408,17.0,0.0,334.0,,,False,race_week_session_pace_v1
2024-06-miami|SQ|alonso,2024,6,2024-06-miami,2024-06-miami|SQ,SQ,alonso,aston_martin,96.09216666666664,88.189,103.62533333333332,6.213500000000003,7.682999999999993,7.0,1.689249999999987,337.0,,,False,race_week_session_pace_v1
2024-07-imola|FP2|alonso,2024,7,2024-07-imola,2024-07-imola|FP2,FP2,alonso,aston_martin,78.19166666666666,76.838,94.59855,0.2972105263157897,1.177833333333325,6.0,0.0079999999999955,298.0,,,False,race_week_session_pace_v1
2024-07-imola|FP3|alonso,2024,7,2024-07-imola,2024-07-imola|FP3,FP3,alonso,aston_martin,98.52316666666668,77.339,107.54366666666664,11.071000000000003,21.132833333333338,19.0,10.566416666666669,290.0,,,False,race_week_session_pace_v1
2024-07-imola|Q|alonso,2024,7,2024-07-imola,2024-07-imola|Q,Q,alonso,aston_martin,106.94649999999996,76.917,,,31.62116666666664,20.0,13.411583333333326,289.0,,,False,race_week_session_pace_v1
2024-07-imola|R|alonso,2024,7,2024-07-imola,2024-07-imola|R,R,alonso,aston_martin,80.37016666666666,79.004,82.68351020408164,0.1184791666666669,0.888166666666649,6.0,-0.1205000000000069,295.0,,,False,race_week_session_pace_v1
2024-08-monaco|FP1|alonso,2024,8,2024-08-monaco,2024-08-monaco|FP1,FP1,alonso,aston_martin,73.94216666666667,72.775,80.68993333333333,-0.1337142857142857,0.6811666666666696,9.0,-0.0365000000000037,277.0,,,False,race_week_session_pace_v1
2024-08-monaco|FP2|alonso,2024,8,2024-08-monaco,2024-08-monaco|FP2,FP2,alonso,aston_martin,72.5975,71.753,86.27046153846155,2.6156,0.867833333333337,3.0,-0.0656666666666581,280.0,,,False,race_week_session_pace_v1
2024-08-monaco|FP3|alonso,2024,8,2024-08-monaco,2024-08-monaco|FP3,FP3,alonso,aston_martin,73.575,72.087,96.14058333333334,6.478636363636365,1.454333333333338,18.0,0.4615000000000009,282.0,,,False,race_week_session_pace_v1
2024-08-monaco|Q|alonso,2024,8,2024-08-monaco,2024-08-monaco|Q,Q,alonso,aston_martin,78.3305,72.019,72.118,,7.458500000000001,18.0,3.1652500000000003,285.0,,,False,race_week_session_pace_v1
2024-08-monaco|R|alonso,2024,8,2024-08-monaco,2024-08-monaco|R,R,alonso,aston_martin,78.20933333333333,77.939,80.39901388888889,-0.0636901408450705,3.4825000000000017,16.0,0.5740833333333342,281.0,,,False,race_week_session_pace_v1
2024-09-villeneuve|FP1|alonso,2024,9,2024-09-villeneuve,2024-09-villeneuve|FP1,FP1,alonso,aston_martin,98.557,93.411,,,9.591500000000025,11.0,-3.3942499999999995,302.0,,,False,race_week_session_pace_v1
2024-09-villeneuve|FP2|alonso,2024,9,2024-09-villeneuve,2024-09-villeneuve|FP2,FP2,alonso,aston_martin,78.3375,75.81,90.8756,4.860214285714286,0.0,1.0,-0.3147500000000036,327.0,,,False,race_week_session_pace_v1
2024-09-villeneuve|FP3|alonso,2024,9,2024-09-villeneuve,2024-09-villeneuve|FP3,FP3,alonso,aston_martin,74.4105,73.34,84.901,4.3726666666666665,0.6743333333333368,7.0,0.1155000000000114,328.0,,,False,race_week_session_pace_v1
2024-09-villeneuve|Q|alonso,2024,9,2024-09-villeneuve,2024-09-villeneuve|Q,Q,alonso,aston_martin,72.87233333333334,72.228,73.08466666666668,-0.420499999999997,0.5015000000000072,7.0,-0.0271666666666732,330.0,,,False,race_week_session_pace_v1
2024-09-villeneuve|R|alonso,2024,9,2024-09-villeneuve,2024-09-villeneuve|R,R,alonso,aston_martin,76.80466666666668,76.303,88.46015517241378,-0.3516140350877193,1.3531666666666808,6.0,-0.207499999999996,324.0,,,False,race_week_session_pace_v1
2024-10-catalunya|FP1|alonso,2024,10,2024-10-catalunya,2024-10-catalunya|FP1,FP1,alonso,aston_martin,77.10849999999999,75.222,97.26611764705882,3.6054999999999993,1.522833333333324,10.0,0.1360833333333317,330.0,,,False,race_week_session_pace_v1
2024-10-catalunya|FP1|bearman,2024,10,2024-10-catalunya,2024-10-catalunya|FP1,FP1,bearman,haas,77.85433333333333,75.865,96.55126315789472,1.5621666666666667,2.268666666666661,16.0,0.2956666666666763,321.0,,,False,race_week_session_pace_v1
2024-10-catalunya|FP2|alonso,2024,10,2024-10-catalunya,2024-10-catalunya|FP2,FP2,alonso,aston_martin,76.38016666666667,74.091,91.54742105263158,-0.4296666666666671,0.9256666666666716,8.0,0.0720833333333246,322.0,,,False,race_week_session_pace_v1
2024-10-catalunya|FP3|alonso,2024,10,2024-10-catalunya,2024-10-catalunya|FP3,FP3,alonso,aston_martin,76.95516666666667,73.786,93.61722222222222,2.814,1.4711666666666758,9.0,-2.4639166666666625,326.0,,,False,race_week_session_pace_v1
2024-10-catalunya|Q|alonso,2024,10,2024-10-catalunya,2024-10-catalunya|Q,Q,alonso,aston_martin,83.48100000000001,72.128,,,11.289166666666674,15.0,3.454750000000004,326.0,,,False,race_week_session_pace_v1
2024-10-catalunya|R|alonso,2024,10,2024-10-catalunya,2024-10-catalunya|R,R,alonso,aston_martin,78.72766666666665,78.334,81.06540000000001,-0.0527777777777779,1.149166666666645,8.0,-0.3786666666666747,332.0,,,False,race_week_session_pace_v1
2024-11-red_bull_ring|FP1|alonso,2024,11,2024-11-red_bull_ring,2024-11-red_bull_ring|FP1,FP1,alonso,aston_martin,67.80116666666667,66.603,79.431125,0.8630000000000005,0.7973333333333414,10.0,-0.0900833333333253,321.0,,,False,race_week_session_pace_v1
2024-11-red_bull_ring|Q|alonso,2024,11,2024-11-red_bull_ring,2024-11-red_bull_ring|Q,Q,alonso,aston_martin,68.95450000000001,65.639,77.261,20.864000000000004,4.091833333333341,15.0,-6.616749999999996,321.0,,,False,race_week_session_pace_v1
2024-11-red_bull_ring|R|alonso,2024,11,2024-11-red_bull_ring,2024-11-red_bull_ring|R,R,alonso,aston_martin,70.146,67.694,72.12724590163934,0.0553333333333332,1.808500000000009,11.0,-0.1212500000000034,327.0,,,False,race_week_session_pace_v1
2024-11-red_bull_ring|S|alonso,2024,11,2024-11-red_bull_ring,2024-11-red_bull_ring|S,S,alonso,aston_martin,70.52733333333333,70.393,71.18109090909091,0.0730952380952379,1.4621666666666755,14.0,0.1101666666666574,322.0,,,False,race_week_session_pace_v1
2024-11-red_bull_ring|SQ|alonso,2024,11,2024-11-red_bull_ring,2024-11-red_bull_ring|SQ,SQ,alonso,aston_martin,80.18900000000001,65.878,81.0275,29.081000000000003,10.3455,14.0,-3.757999999999996,323.0,,,False,race_week_session_pace_v1
2024-12-silverstone|FP1|alonso,2024,12,2024-12-silverstone,2024-12-silverstone|FP1,FP1,alonso,aston_martin,89.30883333333334,87.794,103.0996,2.6816428571428577,0.9841666666666812,10.0,0.4920833333333405,326.0,,,False,race_week_session_pace_v1
2024-12-silverstone|FP1|bearman,2024,12,2024-12-silverstone,2024-12-silverstone|FP1,FP1,bearman,haas,90.16483333333332,88.536,102.71353333333332,2.345785714285715,1.840166666666676,15.0,-0.1185833333333334,324.0,,,False,race_week_session_pace_v1
2024-12-silverstone|FP2|alonso,2024,12,2024-12-silverstone,2024-12-silverstone|FP2,FP2,alonso,aston_martin,89.04683333333332,87.372,98.6496875,-2.4606666666666674,0.9699999999999848,6.0,-0.0513333333333321,324.0,,,False,race_week_session_pace_v1
2024-12-silverstone|FP3|alonso,2024,12,2024-12-silverstone,2024-12-silverstone|FP3,FP3,alonso,aston_martin,100.2915,98.94,110.3002,2.730857142857143,1.7099999999999935,9.0,0.0096666666666607,297.0,,,False,race_week_session_pace_v1
2024-12-silverstone|Q|alonso,2024,12,2024-12-silverstone,2024-12-silverstone|Q,Q,alonso,aston_martin,88.699,86.73,99.6328,-1.431000000000001,1.497666666666646,9.0,0.3955833333333345,325.0,,,False,race_week_session_pace_v1
2024-12-silverstone|R|alonso,2024,12,2024-12-silverstone,2024-12-silverstone|R,R,alonso,aston_martin,89.91266666666667,89.71,95.1701,-0.0304358974358973,0.8131666666666746,6.0,-0.0330000000000154,332.0,,,False,race_week_session_pace_v1
2024-13-hungaroring|FP1|alonso,2024,13,2024-13-hungaroring,2024-13-hungaroring|FP1,FP1,alonso,aston_martin,81.992,79.686,96.34646666666669,-1.8977142857142852,1.6113333333333344,15.0,-0.0565833333333358,305.0,,,False,race_week_session_pace_v1
2024-13-hungaroring|FP1|bearman,2024,13,2024-13-hungaroring,2024-13-hungaroring|FP1,FP1,bearman,haas,81.475,80.371,96.2645625,1.6080666666666663,1.0943333333333245,7.0,-0.0280000000000057,302.0,,,False,race_week_session_pace_v1
2024-13-hungaroring|FP2|alonso,2024,13,2024-13-hungaroring,2024-13-hungaroring|FP2,FP2,alonso,aston_martin,82.216,78.519,90.46884615384616,1.219,2.172166666666655,13.0,-0.0156666666666609,307.0,,,False,race_week_session_pace_v1
2024-13-hungaroring|FP3|alonso,2024,13,2024-13-hungaroring,2024-13-hungaroring|FP3,FP3,alonso,aston_martin,79.92883333333333,77.001,101.09322222222222,5.0435,0.3436666666666639,4.0,-0.3169166666666569,308.0,,,False,race_week_session_pace_v1
2024-13-hungaroring|Q|alonso,2024,13,2024-13-hungaroring,2024-13-hungaroring|Q,Q,alonso,aston_martin,78.45033333333335,76.043,103.766,-13.350000000000009,2.3233333333333377,12.0,0.6040833333333495,313.0,,,False,race_week_session_pace_v1
2024-13-hungaroring|R|alonso,2024,13,2024-13-hungaroring,2024-13-hungaroring|R,R,alonso,aston_martin,83.182,83.063,84.59446774193549,-0.0239344262295083,1.8391666666666708,12.0,0.2695000000000078,308.0,,,False,race_week_session_pace_v1
2024-14-spa|FP1|alonso,2024,14,2024-14-spa,2024-14-spa|FP1,FP1,alonso,aston_martin,106.6145,104.921,116.162125,4.329285714285716,1.1173333333333488,6.0,0.0914166666666744,331.0,,,False,race_week_session_pace_v1
2024-14-spa|FP2|alonso,2024,14,2024-14-spa,2024-14-spa|FP2,FP2,alonso,aston_martin,105.93516666666667,103.538,114.92141666666669,2.679181818181817,0.4010000000000104,4.0,-0.5139999999999958,338.0,,,False,race_week_session_pace_v1
2024-14-spa|FP3|alonso,2024,14,2024-14-spa,2024-14-spa|FP3,FP3,alonso,aston_martin,130.5985,128.071,,,4.087500000000006,9.0,1.796750000000003,294.0,,,False,race_week_session_pace_v1
2024-14-spa|Q|alonso,2024,14,2024-14-spa,2024-14-spa|Q,Q,alonso,aston_martin,114.891,114.258,133.5634,-12.673000000000002,0.9731666666666854,8.0,-0.9242499999999864,314.0,,,False,race_week_session_pace_v1
2024-14-spa|R|alonso,2024,14,2024-14-spa,2024-14-spa|R,R,alonso,aston_martin,108.21566666666666,108.051,109.59588888888892,-0.0749142857142857,1.9471666666666465,15.0,-0.1920833333333291,341.0,,,False,race_week_session_pace_v1
2024-15-zandvoort|FP1|alonso,2024,15,2024-15-zandvoort,2024-15-zandvoort|FP1,FP1,alonso,aston_martin,80.83166666666666,74.467,102.16183333333332,1.0882000000000005,3.1413333333333355,7.0,-0.9663333333333384,320.0,,,False,race_week_session_pace_v1
2024-15-zandvoort|FP2|alonso,2024,15,2024-15-zandvoort,2024-15-zandvoort|FP2,FP2,alonso,aston_martin,72.8655,71.357,87.7785,-0.1231578947368422,0.2858333333333149,3.0,0.1429166666666503,325.0,,,False,race_week_session_pace_v1
2024-15-zandvoort|FP3|alonso,2024,15,2024-15-zandvoort,2024-15-zandvoort|FP3,FP3,alonso,aston_martin,88.1145,81.461,88.1145,-1.2596666666666654,7.8035,13.0,-0.1749166666666752,288.0,,,False,race_week_session_pace_v1
2024-15-zandvoort|Q|alonso,2024,15,2024-15-zandvoort,2024-15-zandvoort|Q,Q,alonso,aston_martin,72.99149999999999,70.633,,,1.9708333333333168,8.0,0.7892499999999956,333.0,,,False,race_week_session_pace_v1
2024-15-zandvoort|R|alonso,2024,15,2024-15-zandvoort,2024-15-zandvoort|R,R,alonso,aston_martin,74.997,74.758,76.53303174603175,-0.0348870967741937,1.0379999999999967,10.0,-0.1873333333333278,328.0,,,False,race_week_session_pace_v1
2024-16-monza|FP1|alonso,2024,16,2024-16-monza,2024-16-monza|FP1,FP1,alonso,aston_martin,84.72350000000002,82.315,96.393625,2.9257142857142844,1.7048333333333403,16.0,0.4813333333333389,346.0,,,False,race_week_session_pace_v1
2024-16-monza|FP2|alonso,2024,16,2024-16-monza,2024-16-monza|FP2,FP2,alonso,aston_martin,83.856,81.316,96.40133333333333,3.458142857142857,1.1375000000000028,11.0,0.3867499999999921,350.0,,,False,race_week_session_pace_v1
2024-16-monza|FP3|alonso,2024,16,2024-16-monza,2024-16-monza|FP3,FP3,alonso,aston_martin,85.81783333333333,80.968,101.21757142857145,2.1313333333333357,4.99166666666666,13.0,-0.0492500000000006,348.0,,,False,race_week_session_pace_v1
2024-16-monza|Q|alonso,2024,16,2024-16-monza,2024-16-monza|Q,Q,alonso,aston_martin,90.773,80.421,103.969,,10.887333333333345,14.0,-2.653624999999991,353.0,,,False,race_week_session_pace_v1
2024-16-monza|R|alonso,2024,16,2024-16-monza,2024-16-monza|R,R,alonso,aston_martin,83.31216666666667,82.944,84.87142222222222,-0.061931818181818,1.3038333333333298,9.0,-0.0474166666666633,356.0,,,False,race_week_session_pace_v1
2024-17-baku|FP1|alonso,2024,17,2024-17-baku,2024-17-baku|FP1,FP1,alonso,aston_martin,110.48933333333332,106.452,125.89033333333334,1.7510000000000048,3.8081666666666503,11.0,-1.126333333333335,344.0,,,False,race_week_session_pace_v1
2024-17-baku|FP1|bearman,2024,17,2024-17-baku,2024-17-baku|FP1,FP1,bearman,haas,109.47966666666666,106.973,112.61675,1.0018571428571417,2.798499999999976,6.0,-0.1659166666666749,334.0,,,False,race_week_session_pace_v1
2024-17-baku|FP2|alonso,2024,17,2024-17-baku,2024-17-baku|FP2,FP2,alonso,aston_martin,108.01583333333332,104.683,115.3496,-1.7219999999999993,2.3845000000000027,19.0,0.7420833333333263,347.0,,,False,race_week_session_pace_v1
2024-17-baku|FP2|bearman,2024,17,2024-17-baku,2024-17-baku|FP2,FP2,bearman,haas,107.16183333333332,104.547,117.13164285714284,0.9422307692307688,1.5305000000000035,8.0,-0.0416666666666571,338.0,,,False,race_week_session_pace_v1
2024-17-baku|FP3|alonso,2024,17,2024-17-baku,2024-17-baku|FP3,FP3,alonso,aston_martin,116.44716666666666,103.474,127.69666666666669,18.945500000000003,7.459333333333319,13.0,2.076583333333332,343.0,,,False,race_week_session_pace_v1
2024-17-baku|Q|alonso,2024,17,2024-17-baku,2024-17-baku|Q,Q,alonso,aston_martin,103.16666666666669,102.369,115.65425,6.869666666666665,0.6961666666666559,8.0,-2.1940000000000026,345.0,,,False,race_week_session_pace_v1
2024-17-baku|Q|bearman,2024,17,2024-17-baku,2024-17-baku|Q,Q,bearman,haas,106.5005,102.968,115.01866666666668,-0.1629999999999967,4.029999999999987,12.0,-0.3785833333333386,338.0,,,False,race_week_session_pace_v1
2024-17-baku|R|alonso,2024,17,2024-17-baku,2024-17-baku|R,R,alonso,aston_martin,107.31083333333332,107.057,109.75906818181817,0.9113255813953492,1.742833333333337,9.0,-0.5468333333333248,347.0,,,False,race_week_session_pace_v1
2024-17-baku|R|bearman,2024,17,2024-17-baku,2024-17-baku|R,R,bearman,haas,107.33833333333337,107.048,109.78338095238097,0.7659512195121947,1.7703333333333546,10.0,-0.237583333333319,349.0,,,False,race_week_session_pace_v1
2024-18-marina_bay|FP1|alonso,2024,18,2024-18-marina_bay,2024-18-marina_bay|FP1,FP1,alonso,aston_martin,94.353,92.61,107.59046666666664,3.4248571428571437,1.5931666666666615,9.0,0.3121666666666556,309.0,,,False,race_week_session_pace_v1
2024-18-marina_bay|FP2|alonso,2024,18,2024-18-marina_bay,2024-18-marina_bay|FP2,FP2,alonso,aston_martin,93.63216666666666,91.75,105.04185714285714,3.161307692307692,0.9963333333333252,5.0,0.2655000000000029,314.0,,,False,race_week_session_pace_v1
2024-18-marina_bay|FP3|alonso,2024,18,2024-18-marina_bay,2024-18-marina_bay|FP3,FP3,alonso,aston_martin,92.005,91.082,114.04736363636364,3.2232,0.2690000000000196,3.0,-0.42083333333332,313.0,,,False,race_week_session_pace_v1
2024-18-marina_bay|Q|alonso,2024,18,2024-18-marina_bay,2024-18-marina_bay|Q,Q,alonso,aston_martin,95.11833333333333,90.214,,,5.021499999999989,5.0,-10.271208333333348,315.0,,,False,race_week_session_pace_v1
2024-18-marina_bay|R|alonso,2024,18,2024-18-marina_bay,2024-18-marina_bay|R,R,alonso,aston_martin,97.88333333333334,97.741,98.76701818181822,0.0349444444444444,2.19583333333334,17.0,-0.0513333333333179,314.0,,,False,race_week_session_pace_v1
2024-19-americas|FP1|alonso,2024,19,2024-19-americas,2024-19-americas|FP1,FP1,alonso,aston_martin,96.1145,94.112,112.39858333333336,-0.914636363636363,1.227000000000018,5.0,-0.2219999999999942,323.0,,,False,race_week_session_pace_v1
2024-19-americas|Q|alonso,2024,19,2024-19-americas,2024-19-americas|Q,Q,alonso,aston_martin,93.85533333333336,93.309,100.394,11.796000000000006,0.2556666666666842,3.0,-1.9016666666666568,328.0,,,False,race_week_session_pace_v1
2024-19-americas|R|alonso,2024,19,2024-19-americas,2024-19-americas|R,R,alonso,aston_martin,99.42016666666666,99.261,100.90706382978722,-0.0640434782608695,1.5948333333333269,16.0,-0.0284166666666578,328.0,,,False,race_week_session_pace_v1
2024-19-americas|S|alonso,2024,19,2024-19-americas,2024-19-americas|S,S,alonso,aston_martin,99.635,99.25,100.28722222222224,-0.073058823529412,1.766999999999996,15.0,-0.0264166666666767,348.0,,,False,race_week_session_pace_v1
2024-19-americas|SQ|alonso,2024,19,2024-19-americas,2024-19-americas|SQ,SQ,alonso,aston_martin,113.338,94.251,111.831,35.05,14.938333333333333,17.0,0.012833333333333,329.0,,,False,race_week_session_pace_v1
2024-20-rodriguez|FP1|bearman,2024,20,2024-20-rodriguez,2024-20-rodriguez|FP1,FP1,bearman,ferrari,88.012,81.256,82.32650000000001,-2.1410000000000053,8.14566666666667,19.0,4.072833333333335,343.0,,,False,race_week_session_pace_v1
2024-20-rodriguez|FP2|alonso,2024,20,2024-20-rodriguez,2024-20-rodriguez|FP2,FP2,alonso,aston_martin,79.3,78.579,88.63595238095239,1.6787000000000003,0.4906666666666694,4.0,-0.5429166666666703,347.0,,,False,race_week_session_pace_v1
2024-20-rodriguez|FP3|alonso,2024,20,2024-20-rodriguez,2024-20-rodriguez|FP3,FP3,alonso,aston_martin,78.87583333333333,77.798,89.34690909090908,-2.4371,1.358166666666662,6.0,0.2323333333333437,348.0,,,False,race_week_session_pace_v1
2024-20-rodriguez|Q|alonso,2024,20,2024-20-rodriguez,2024-20-rodriguez|Q,Q,alonso,aston_martin,87.65116666666667,77.168,,,11.070666666666668,13.0,2.123166666666662,347.0,,,False,race_week_session_pace_v1
2024-20-rodriguez|R|alonso,2024,20,2024-20-rodriguez,2024-20-rodriguez|R,R,alonso,aston_martin,83.35783333333333,82.722,93.903,-3.7530909090909095,3.4896666666666647,18.0,0.9647499999999952,341.0,,,False,race_week_session_pace_v1
2024-21-interlagos|FP1|alonso,2024,21,2024-21-interlagos,2024-21-interlagos|FP1,FP1,alonso,aston_martin,72.56466666666667,71.215,89.65606249999999,1.3171333333333328,0.4118333333333339,6.0,-0.3588333333333366,336.0,,,False,race_week_session_pace_v1
2024-21-interlagos|FP1|bearman,2024,21,2024-21-interlagos,2024-21-interlagos|FP1,FP1,bearman,haas,73.20033333333335,70.805,89.30042105263158,-0.5086111111111111,1.0475000000000136,11.0,0.2962500000000148,334.0,,,False,race_week_session_pace_v1
2024-21-interlagos|R|alonso,2024,21,2024-21-interlagos,2024-21-interlagos|R,R,alonso,aston_martin,82.85083333333334,82.293,88.73216949152541,-0.0366379310344827,1.8670000000000044,13.0,0.0,309.0,,,False,race_week_session_pace_v1
2024-21-interlagos|R|bearman,2024,21,2024-21-interlagos,2024-21-interlagos|R,R,bearman,haas,82.64333333333333,82.494,86.64623214285714,-0.0662909090909091,1.6594999999999942,12.0,-0.7920000000000016,313.0,,,False,race_week_session_pace_v1
2024-21-interlagos|S|alonso,2024,21,2024-21-interlagos,2024-21-interlagos|S,S,alonso,aston_martin,73.59983333333334,73.111,76.33017391304347,0.0094545454545453,1.552666666666667,18.0,-0.1965833333333222,344.0,,,False,race_week_session_pace_v1
2024-21-interlagos|S|bearman,2024,21,2024-21-interlagos,2024-21-interlagos|S,S,bearman,haas,73.1315,72.974,75.60239130434782,0.1158636363636366,1.0843333333333334,15.0,0.0031666666666723,346.0,,,False,race_week_session_pace_v1
2024-21-interlagos|SQ|alonso,2024,21,2024-21-interlagos,2024-21-interlagos|SQ,SQ,alonso,aston_martin,87.10025,70.978,86.747,31.53800000000001,16.997749999999996,18.0,0.0510000000000019,327.0,,,False,race_week_session_pace_v1
2024-21-interlagos|SQ|bearman,2024,21,2024-21-interlagos,2024-21-interlagos|SQ,SQ,bearman,haas,78.34966666666666,69.629,82.443,24.00200000000001,8.247166666666658,8.0,-2.213266666666655,331.0,,,False,race_week_session_pace_v1
2024-22-vegas|FP1|alonso,2024,22,2024-22-vegas,2024-22-vegas|FP1,FP1,alonso,aston_martin,98.358,96.262,111.7434375,2.670666666666668,1.5644999999999951,12.0,0.2934999999999945,335.0,,,False,race_week_session_pace_v1
2024-22-vegas|FP2|alonso,2024,22,2024-22-vegas,2024-22-vegas|FP2,FP2,alonso,aston_martin,97.90233333333332,95.44,109.44033333333331,3.138071428571428,2.322499999999991,18.0,0.5427500000000123,334.0,,,False,race_week_session_pace_v1
2024-22-vegas|FP3|alonso,2024,22,2024-22-vegas,2024-22-vegas|FP3,FP3,alonso,aston_martin,105.89183333333334,95.938,114.383,10.812250000000002,7.523833333333343,16.0,-0.1010833333333351,330.0,,,False,race_week_session_pace_v1
2024-22-vegas|Q|alonso,2024,22,2024-22-vegas,2024-22-vegas|Q,Q,alonso,aston_martin,104.5625,94.258,101.993,15.47,11.67383333333332,19.0,-2.22175,345.0,,,False,race_week_session_pace_v1
2024-22-vegas|R|alonso,2024,22,2024-22-vegas,2024-22-vegas|R,R,alonso,aston_martin,97.35633333333334,96.553,98.785375,-0.0418974358974359,1.7386666666666457,17.0,0.0165000000000077,330.0,,,False,race_week_session_pace_v1
2024-23-losail|FP1|alonso,2024,23,2024-23-losail,2024-23-losail|FP1,FP1,alonso,aston_martin,84.85966666666667,83.227,104.92485714285716,-0.7364615384615383,1.4181666666666644,11.0,-0.1076666666666597,317.0,,,False,race_week_session_pace_v1
2024-23-losail|Q|alonso,2024,23,2024-23-losail,2024-23-losail|Q,Q,alonso,aston_martin,83.08433333333333,81.208,97.048,9.721000000000004,2.1610000000000014,12.0,-2.732333333333329,325.0,,,False,race_week_session_pace_v1
2024-23-losail|R|alonso,2024,23,2024-23-losail,2024-23-losail|R,R,alonso,aston_martin,83.92116666666668,83.667,92.16571153846158,-0.1709607843137253,1.224333333333334,8.0,-15.006166666666658,330.0,,,False,race_week_session_pace_v1
2024-23-losail|S|alonso,2024,23,2024-23-losail,2024-23-losail|S,S,alonso,aston_martin,85.25766666666667,84.281,86.01227777777777,-0.2399411764705878,0.7614999999999981,11.0,-0.1487500000000068,330.0,,,False,race_week_session_pace_v1
2024-23-losail|SQ|alonso,2024,23,2024-23-losail,2024-23-losail|SQ,SQ,alonso,aston_martin,91.70266666666669,82.433,109.331,24.322000000000003,9.939666666666682,15.0,2.859083333333345,324.0,,,False,race_week_session_pace_v1
2024-24-yas_marina|FP1|alonso,2024,24,2024-24-yas_marina,2024-24-yas_marina|FP1,FP1,alonso,aston_martin,86.06150000000001,85.504,106.07416666666668,1.994636363636364,0.088166666666666,2.0,-0.2950833333333236,326.0,,,False,race_week_session_pace_v1
2024-24-yas_marina|FP2|alonso,2024,24,2024-24-yas_marina,2024-24-yas_marina|FP2,FP2,alonso,aston_martin,86.74816666666665,84.574,98.29655555555554,-4.452500000000002,1.9541666666666515,15.0,0.5272499999999951,330.0,,,False,race_week_session_pace_v1
2024-24-yas_marina|FP3|alonso,2024,24,2024-24-yas_marina,2024-24-yas_marina|FP3,FP3,alonso,aston_martin,85.23816666666667,84.453,94.48028571428571,3.900833333333333,0.1250000000000142,3.0,-0.0482499999999959,328.0,,,False,race_week_session_pace_v1
2024-24-yas_marina|Q|alonso,2024,24,2024-24-yas_marina,2024-24-yas_marina|Q,Q,alonso,aston_martin,83.60883333333334,83.196,95.528,8.261333333333331,0.0441666666666691,4.0,-3.8671666666666624,329.0,,,False,race_week_session_pace_v1
2024-24-yas_marina|R|alonso,2024,24,2024-24-yas_marina,2024-24-yas_marina|R,R,alonso,aston_martin,88.14316666666666,87.948,89.55808163265307,-0.0169375,0.7459999999999809,9.0,-0.2885833333333352,332.0,,,False,race_week_session_pace_v1
2025-01-albert_park|FP1|alonso,2025,1,2025-01-albert_park,2025-01-albert_park|FP1,FP1,alonso,aston_martin,78.358,77.736,92.0681818181818,-2.9211000000000014,0.1475000000000079,2.0,-0.2424166666666565,324.0,,,False,race_week_session_pace_v1
2025-01-albert_park|FP1|bearman,2025,1,2025-01-albert_park,2025-01-albert_park|FP1,FP1,bearman,haas,85.952,79.312,97.1398,-0.4080000000000012,7.741500000000002,19.0,2.7256666666666547,312.0,,,False,race_week_session_pace_v1
2025-01-albert_park|FP2|alonso,2025,1,2025-01-albert_park,2025-01-albert_park|FP2,FP2,alonso,aston_martin,79.3655,77.33,89.6729375,4.116866666666668,1.5201666666666682,15.0,-0.0960000000000036,323.0,,,False,race_week_session_pace_v1
2025-01-albert_park|FP3|alonso,2025,1,2025-01-albert_park,2025-01-albert_park|FP3,FP3,alonso,aston_martin,78.257,77.27,101.91471428571428,-1.5593333333333348,1.5630000000000024,6.0,0.2048333333333403,329.0,,,False,race_week_session_pace_v1
2025-01-albert_park|Q|alonso,2025,1,2025-01-albert_park,2025-01-albert_park|Q,Q,alonso,aston_martin,91.373,76.288,,,15.722499999999982,14.0,5.464583333333337,330.0,,,False,race_week_session_pace_v1
2025-02-shanghai|FP1|alonso,2025,2,2025-02-shanghai,2025-02-shanghai|FP1,FP1,alonso,aston_martin,94.33083333333332,92.766,110.7683846153846,-1.4015833333333336,1.414833333333334,7.0,-0.4239999999999924,333.0,,,False,race_week_session_pace_v1
2025-02-shanghai|FP1|bearman,2025,2,2025-02-shanghai,2025-02-shanghai|FP1,FP1,bearman,haas,94.95983333333334,92.967,113.02871428571429,-0.4918461538461521,2.043833333333339,14.0,0.4016666666666708,330.0,,,False,race_week_session_pace_v1
2025-02-shanghai|Q|alonso,2025,2,2025-02-shanghai,2025-02-shanghai|Q,Q,alonso,aston_martin,94.6165,91.688,100.182,13.982,3.3986666666666565,12.0,-0.8940000000000055,330.0,,,False,race_week_session_pace_v1
2025-02-shanghai|Q|bearman,2025,2,2025-02-shanghai,2025-02-shanghai|Q,Q,bearman,haas,109.3686,92.018,,,18.150766666666684,20.0,6.536216666666661,329.0,,,False,race_week_session_pace_v1
2025-02-shanghai|R|alonso,2025,2,2025-02-shanghai,2025-02-shanghai|R,R,alonso,aston_martin,111.3935,99.256,111.3935,11.735000000000005,16.211833333333303,20.0,7.466583333333332,333.0,,,False,race_week_session_pace_v1
2025-02-shanghai|R|bearman,2025,2,2025-02-shanghai,2025-02-shanghai|R,R,bearman,haas,96.46383333333334,96.363,97.99466666666667,-0.0470212765957448,1.2821666666666545,14.0,0.1965000000000003,343.0,,,False,race_week_session_pace_v1
2025-02-shanghai|S|alonso,2025,2,2025-02-shanghai,2025-02-shanghai|S,S,alonso,aston_martin,97.36733333333332,97.058,98.6052222222222,0.2100588235294116,1.3029999999999973,11.0,0.2506666666666604,345.0,,,False,race_week_session_pace_v1
2025-02-shanghai|S|bearman,2025,2,2025-02-shanghai,2025-02-shanghai|S,S,bearman,haas,97.70933333333336,97.135,98.9738888888889,0.1992941176470591,1.6450000000000244,15.0,-0.1405000000000029,342.0,,,False,race_week_session_pace_v1
2025-02-shanghai|SQ|alonso,2025,2,2025-02-shanghai,2025-02-shanghai|SQ,SQ,alonso,aston_martin,115.646,91.815,114.923,,21.06966666666668,19.0,6.798416666666668,333.0,,,False,race_week_session_pace_v1
2025-02-shanghai|SQ|bearman,2025,2,2025-02-shanghai,2025-02-shanghai|SQ,SQ,bearman,haas,110.16116666666666,91.978,110.372,36.20599999999999,15.584833333333336,14.0,-0.1540416666666573,331.0,,,False,race_week_session_pace_v1
2025-03-suzuka|FP1|alonso,2025,3,2025-03-suzuka,2025-03-suzuka|FP1,FP1,alonso,aston_martin,90.15133333333334,89.222,110.19433333333332,-0.0594285714285709,0.325166666666675,4.0,-0.5576666666666625,305.0,,,False,race_week_session_pace_v1
2025-03-suzuka|FP1|bearman,2025,3,2025-03-suzuka,2025-03-suzuka|FP1,FP1,bearman,haas,91.639,90.077,105.52428571428572,8.283666666666667,1.8128333333333304,18.0,0.25,302.0,,,False,race_week_session_pace_v1
2025-03-suzuka|FP2|alonso,2025,3,2025-03-suzuka,2025-03-suzuka|FP2,FP2,alonso,aston_martin,89.978,89.978,,,0.8755000000000024,2.0,-1.2973750000000024,304.0,,,False,race_week_session_pace_v1
2025-03-suzuka|FP2|bearman,2025,3,2025-03-suzuka,2025-03-suzuka|FP2,FP2,bearman,haas,90.434,89.654,90.00450000000001,0.7010000000000076,1.3315000000000197,3.0,-5.860599999999991,308.0,,,False,race_week_session_pace_v1
2025-03-suzuka|FP3|alonso,2025,3,2025-03-suzuka,2025-03-suzuka|FP3,FP3,alonso,aston_martin,90.95316666666668,89.772,102.95044444444446,-5.719124999999998,2.042166666666674,5.0,-3.881499999999989,298.0,,,False,race_week_session_pace_v1
2025-03-suzuka|FP3|bearman,2025,3,2025-03-suzuka,2025-03-suzuka|FP3,FP3,bearman,haas,93.326,90.084,99.16711111111113,-4.157625000000001,4.415000000000006,11.0,-0.0093333333333305,296.0,,,False,race_week_session_pace_v1
2025-03-suzuka|Q|alonso,2025,3,2025-03-suzuka,2025-03-suzuka|Q,Q,alonso,aston_martin,99.77533333333332,87.897,,,12.270499999999984,15.0,-8.061333333333351,301.0,,,False,race_week_session_pace_v1
2025-03-suzuka|Q|bearman,2025,3,2025-03-suzuka,2025-03-suzuka|Q,Q,bearman,haas,88.06150000000001,87.711,98.786,5.343333333333334,0.556666666666672,5.0,-6.020416666666662,299.0,,,False,race_week_session_pace_v1
2025-03-suzuka|R|alonso,2025,3,2025-03-suzuka,2025-03-suzuka|R,R,alonso,aston_martin,91.958,91.77,93.39036170212768,-0.0506521739130434,0.8835000000000122,12.0,-0.1531666666666638,302.0,,,False,race_week_session_pace_v1
2025-03-suzuka|R|bearman,2025,3,2025-03-suzuka,2025-03-suzuka|R,R,bearman,haas,92.058,92.006,93.3634347826087,-0.0350444444444444,0.9835000000000064,14.0,-0.0818333333333214,305.0,,,False,race_week_session_pace_v1
2025-04-bahrain|FP2|alonso,2025,4,2025-04-bahrain,2025-04-bahrain|FP2,FP2,alonso,aston_martin,95.36766666666666,91.825,101.23945454545456,-2.2408,2.269000000000005,15.0,0.5534999999999997,321.0,,,False,race_week_session_pace_v1
2025-04-bahrain|FP2|bearman,2025,4,2025-04-bahrain,2025-04-bahrain|FP2,FP2,bearman,haas,95.29066666666664,91.584,102.33147058823528,2.161875,2.191999999999993,14.0,0.7208333333333314,330.0,,,False,race_week_session_pace_v1
2025-04-bahrain|FP3|alonso,2025,4,2025-04-bahrain,2025-04-bahrain|FP3,FP3,alonso,aston_martin,96.411,93.548,113.50311111111112,6.842874999999999,2.046666666666667,2.0,-2.3615000000000066,319.0,,,False,race_week_session_pace_v1
2025-04-bahrain|FP3|bearman,2025,4,2025-04-bahrain,2025-04-bahrain|FP3,FP3,bearman,haas,98.69933333333331,94.335,110.8735,5.321857142857145,4.33499999999998,6.0,0.6226666666666603,319.0,,,False,race_week_session_pace_v1
2025-04-bahrain|Q|alonso,2025,4,2025-04-bahrain,2025-04-bahrain|Q,Q,alonso,aston_martin,96.96333333333332,91.634,103.49133333333334,10.767000000000005,5.983499999999992,11.0,-7.037416666666672,320.0,,,False,race_week_session_pace_v1
2025-04-bahrain|Q|bearman,2025,4,2025-04-bahrain,2025-04-bahrain|Q,Q,bearman,haas,101.49075,92.373,,,10.510916666666674,14.0,-0.4531249999999858,313.0,,,False,race_week_session_pace_v1
2025-04-bahrain|R|alonso,2025,4,2025-04-bahrain,2025-04-bahrain|R,R,alonso,aston_martin,98.04233333333332,97.906,99.70697777777778,-0.0410227272727274,2.3079999999999785,18.0,-0.1200833333333548,331.0,,,False,race_week_session_pace_v1
2025-04-bahrain|R|bearman,2025,4,2025-04-bahrain,2025-04-bahrain|R,R,bearman,haas,97.49983333333334,97.303,99.39995555555556,0.0104090909090908,1.765500000000003,14.0,0.0734999999999956,336.0,,,False,race_week_session_pace_v1
2025-05-jeddah|FP1|alonso,2025,5,2025-05-jeddah,2025-05-jeddah|FP1,FP1,alonso,aston_martin,91.1755,89.976,108.31407692307693,4.342916666666667,1.0203333333333262,5.0,-0.0505833333333214,328.0,,,False,race_week_session_pace_v1
2025-05-jeddah|FP1|bearman,2025,5,2025-05-jeddah,2025-05-jeddah|FP1,FP1,bearman,haas,92.80383333333332,90.595,111.31122222222224,-1.4067499999999988,2.6486666666666565,18.0,0.1370000000000004,328.0,,,False,race_week_session_pace_v1
2025-05-jeddah|FP2|alonso,2025,5,2025-05-jeddah,2025-05-jeddah|FP2,FP2,alonso,aston_martin,96.7135,89.662,112.28433333333332,11.0436,6.643000000000001,18.0,-1.664833333333334,323.0,,,False,race_week_session_pace_v1
2025-05-jeddah|FP2|bearman,2025,5,2025-05-jeddah,2025-05-jeddah|FP2,FP2,bearman,haas,91.8675,89.754,111.487,10.119799999999998,1.7970000000000113,12.0,0.0805833333333225,331.0,,,False,race_week_session_pace_v1
2025-05-jeddah|FP3|alonso,2025,5,2025-05-jeddah,2025-05-jeddah|FP3,FP3,alonso,aston_martin,90.24683333333331,88.888,105.97257142857144,4.162333333333334,1.5226666666666515,3.0,-0.2526666666666699,332.0,,,False,race_week_session_pace_v1
2025-05-jeddah|FP3|bearman,2025,5,2025-05-jeddah,2025-05-jeddah|FP3,FP3,bearman,haas,97.1985,88.989,109.9595,8.811199999999996,8.474333333333334,14.0,2.8273333333333284,332.0,,,False,race_week_session_pace_v1
2025-05-jeddah|Q|alonso,2025,5,2025-05-jeddah,2025-05-jeddah|Q,Q,alonso,aston_martin,95.279,88.303,109.30033333333334,17.478,7.609166666666667,11.0,-3.26191666666665,332.0,,,False,race_week_session_pace_v1
2025-05-jeddah|Q|bearman,2025,5,2025-05-jeddah,2025-05-jeddah|Q,Q,bearman,haas,91.19816666666668,88.536,96.129,4.992333333333335,3.52833333333335,7.0,-6.207583333333332,333.0,,,False,race_week_session_pace_v1
2025-05-jeddah|R|alonso,2025,5,2025-05-jeddah,2025-05-jeddah|R,R,alonso,aston_martin,93.18916666666668,93.009,94.88086363636364,-0.1207906976744186,1.2013333333333236,10.0,0.009916666666669,339.0,,,False,race_week_session_pace_v1
2025-05-jeddah|R|bearman,2025,5,2025-05-jeddah,2025-05-jeddah|R,R,bearman,haas,93.38383333333331,93.238,94.84385714285712,-0.0776829268292683,1.3959999999999866,11.0,-0.5760833333333295,335.0,,,False,race_week_session_pace_v1
2025-06-miami|FP1|alonso,2025,6,2025-06-miami,2025-06-miami|FP1,FP1,alonso,aston_martin,89.65266666666668,88.243,104.2390909090909,-4.145099999999999,0.8436666666666923,8.0,-0.2646666666666704,335.0,,,False,race_week_session_pace_v1
2025-06-miami|FP1|bearman,2025,6,2025-06-miami,2025-06-miami|FP1,FP1,bearman,haas,91.1195,88.996,94.76423076923076,1.5554999999999997,2.310500000000019,18.0,0.1673333333333317,334.0,,,False,race_week_session_pace_v1
2025-06-miami|Q|alonso,2025,6,2025-06-miami,2025-06-miami|Q,Q,alonso,aston_martin,108.298,87.604,101.1505,26.184999999999988,21.587833333333336,20.0,3.086583333333351,337.0,,,False,race_week_session_pace_v1
2025-06-miami|Q|bearman,2025,6,2025-06-miami,2025-06-miami|Q,Q,bearman,haas,102.7115,87.999,96.914,16.605999999999995,16.001333333333335,18.0,7.721166666666676,336.0,,,False,race_week_session_pace_v1
2025-06-miami|S|alonso,2025,6,2025-06-miami,2025-06-miami|S,S,alonso,aston_martin,102.30683333333332,101.782,103.338,0.7578749999999985,1.767166666666654,10.0,0.2535000000000025,314.0,,,False,race_week_session_pace_v1
2025-06-miami|S|bearman,2025,6,2025-06-miami,2025-06-miami|S,S,bearman,haas,102.9005,102.237,114.47478571428572,2.422307692307693,2.360833333333332,12.0,-0.0803333333333284,314.0,,,False,race_week_session_pace_v1
2025-06-miami|SQ|alonso,2025,6,2025-06-miami,2025-06-miami|SQ,SQ,alonso,aston_martin,99.3405,87.766,106.1045,35.29900000000001,8.893833333333347,9.0,-9.274124999999998,339.0,,,False,race_week_session_pace_v1
2025-06-miami|SQ|bearman,2025,6,2025-06-miami,2025-06-miami|SQ,SQ,bearman,haas,104.8685,89.825,119.912,,14.421833333333351,13.0,-4.297499999999985,335.0,,,False,race_week_session_pace_v1
2025-07-imola|FP1|alonso,2025,7,2025-07-imola,2025-07-imola|FP1,FP1,alonso,aston_martin,78.12716666666667,77.121,90.40545454545456,-4.6519,0.5138333333333378,5.0,0.0520000000000067,290.0,,,False,race_week_session_pace_v1
2025-07-imola|FP1|bearman,2025,7,2025-07-imola,2025-07-imola|FP1,FP1,bearman,haas,78.66116666666667,77.446,88.83833333333332,0.1368749999999998,1.0478333333333438,9.0,-0.048166666666674,291.0,,,False,race_week_session_pace_v1
2025-07-imola|FP2|alonso,2025,7,2025-07-imola,2025-07-imola|FP2,FP2,alonso,aston_martin,78.48983333333332,76.22,98.1776,4.1114444444444445,1.9724999999999824,17.0,0.6064999999999969,292.0,,,False,race_week_session_pace_v1
2025-07-imola|FP2|bearman,2025,7,2025-07-imola,2025-07-imola|FP2,FP2,bearman,haas,78.59533333333333,76.009,86.87106666666666,2.9901428571428577,2.0779999999999887,18.0,0.3574166666666656,295.0,,,False,race_week_session_pace_v1
2025-07-imola|FP3|alonso,2025,7,2025-07-imola,2025-07-imola|FP3,FP3,alonso,aston_martin,81.74866666666667,75.819,100.37214285714288,5.338333333333334,5.68416666666667,11.0,2.56483333333334,294.0,,,False,race_week_session_pace_v1
2025-07-imola|FP3|bearman,2025,7,2025-07-imola,2025-07-imola|FP3,FP3,bearman,haas,85.55716666666667,75.944,98.1532,11.5595,9.49266666666668,15.0,-0.4584999999999866,297.0,,,False,race_week_session_pace_v1
2025-07-imola|Q|alonso,2025,7,2025-07-imola,2025-07-imola|Q,Q,alonso,aston_martin,75.77316666666667,75.431,,,0.2944999999999993,2.0,-0.0320000000000106,299.0,,,False,race_week_session_pace_v1
2025-07-imola|Q|bearman,2025,7,2025-07-imola,2025-07-imola|Q,Q,bearman,haas,86.131,76.077,86.7005,19.529,10.652333333333331,15.0,-3.771166666666659,301.0,,,False,race_week_session_pace_v1
2025-07-imola|R|alonso,2025,7,2025-07-imola,2025-07-imola|R,R,alonso,aston_martin,80.0535,79.894,87.53177966101696,-0.0237068965517241,1.893666666666661,11.0,-0.3034999999999996,304.0,,,False,race_week_session_pace_v1
2025-07-imola|R|bearman,2025,7,2025-07-imola,2025-07-imola|R,R,bearman,haas,79.851,79.521,86.6436603773585,-0.0290576923076922,1.6911666666666605,7.0,-0.882000000000005,306.0,,,False,race_week_session_pace_v1
2025-08-monaco|FP1|alonso,2025,8,2025-08-monaco,2025-08-monaco|FP1,FP1,alonso,aston_martin,73.8675,72.727,89.4868125,3.334733333333334,1.274166666666673,14.0,-6.700249999999983,277.0,,,False,race_week_session_pace_v1
2025-08-monaco|FP1|bearman,2025,8,2025-08-monaco,2025-08-monaco|FP1,FP1,bearman,haas,74.14816666666667,73.329,86.42118181818181,2.224190476190477,1.5548333333333346,17.0,0.0637499999999988,278.0,,,False,race_week_session_pace_v1
2025-08-monaco|FP2|alonso,2025,8,2025-08-monaco,2025-08-monaco|FP2,FP2,alonso,aston_martin,73.62716666666667,71.89,90.69815789473684,1.6407777777777772,1.7033333333333331,17.0,0.0745000000000146,281.0,,,False,race_week_session_pace_v1
2025-08-monaco|FP2|bearman,2025,8,2025-08-monaco,2025-08-monaco|FP2,FP2,bearman,haas,73.20383333333332,72.259,84.97547619047619,2.93765,1.279999999999987,10.0,-0.2209166666666675,282.0,,,False,race_week_session_pace_v1
2025-08-monaco|FP3|alonso,2025,8,2025-08-monaco,2025-08-monaco|FP3,FP3,alonso,aston_martin,72.64666666666666,72.101,93.86566666666668,8.349250000000001,1.305499999999995,11.0,0.0822500000000019,280.0,,,False,race_week_session_pace_v1
2025-08-monaco|FP3|bearman,2025,8,2025-08-monaco,2025-08-monaco|FP3,FP3,bearman,haas,73.06533333333334,72.251,96.92,-4.463,1.724166666666676,18.0,0.0205833333333487,281.0,,,False,race_week_session_pace_v1
2025-08-monaco|Q|alonso,2025,8,2025-08-monaco,2025-08-monaco|Q,Q,alonso,aston_martin,71.42116666666668,70.924,91.55937500000002,-0.0902857142857129,0.9576666666666824,7.0,-5.903166666666664,281.0,,,False,race_week_session_pace_v1
2025-08-monaco|Q|bearman,2025,8,2025-08-monaco,2025-08-monaco|Q,Q,bearman,haas,77.26766666666667,71.979,86.25625000000001,-7.5726666666666675,6.804166666666674,16.0,2.7991666666666646,281.0,,,False,race_week_session_pace_v1
2025-08-monaco|R|alonso,2025,8,2025-08-monaco,2025-08-monaco|R,R,alonso,aston_martin,75.97833333333334,75.593,78.93793333333333,-0.8094827586206894,2.314000000000007,17.0,0.2850833333333327,278.0,,,False,race_week_session_pace_v1
2025-08-monaco|R|bearman,2025,8,2025-08-monaco,2025-08-monaco|R,R,bearman,haas,75.27266666666668,74.855,78.52959701492536,0.0358939393939393,1.6083333333333485,10.0,-0.103666666666669,285.0,,,False,race_week_session_pace_v1
2025-09-catalunya|FP1|alonso,2025,9,2025-09-catalunya,2025-09-catalunya|FP1,FP1,alonso,aston_martin,76.61433333333333,74.798,87.00081818181819,-3.0253,1.3416666666666686,7.0,0.3661666666666718,321.0,,,False,race_week_session_pace_v1
2025-09-catalunya|FP1|bearman,2025,9,2025-09-catalunya,2025-09-catalunya|FP1,FP1,bearman,haas,77.51733333333333,74.597,94.95329411764706,-1.4210625000000006,2.24466666666666,16.0,-0.2877500000000026,322.0,,,False,race_week_session_pace_v1
2025-09-catalunya|FP2|alonso,2025,9,2025-09-catalunya,2025-09-catalunya|FP2,FP2,alonso,aston_martin,77.34516666666667,73.301,91.97639999999998,0.4098947368421043,1.7109999999999983,15.0,-1.0376666666666663,334.0,,,False,race_week_session_pace_v1
2025-09-catalunya|FP2|bearman,2025,9,2025-09-catalunya,2025-09-catalunya|FP2,FP2,bearman,haas,79.16133333333333,74.126,93.42775000000002,-1.7277272727272737,3.527166666666659,19.0,1.7635833333333295,325.0,,,False,race_week_session_pace_v1
2025-09-catalunya|FP3|alonso,2025,9,2025-09-catalunya,2025-09-catalunya|FP3,FP3,alonso,aston_martin,84.53500000000001,73.414,95.6656,11.164749999999998,9.6875,12.0,3.601749999999996,326.0,,,False,race_week_session_pace_v1
2025-09-catalunya|FP3|bearman,2025,9,2025-09-catalunya,2025-09-catalunya|FP3,FP3,bearman,haas,96.76216666666666,74.46,109.52425,15.13566666666667,21.914666666666648,18.0,1.7972500000000051,323.0,,,False,race_week_session_pace_v1
2025-09-catalunya|Q|alonso,2025,9,2025-09-catalunya,2025-09-catalunya|Q,Q,alonso,aston_martin,84.68216666666666,72.284,,,11.9285,15.0,3.6894166666666592,326.0,,,False,race_week_session_pace_v1
2025-09-catalunya|Q|bearman,2025,9,2025-09-catalunya,2025-09-catalunya|Q,Q,bearman,haas,75.96633333333334,73.074,81.12675,5.265666666666665,3.212666666666678,3.0,-7.1569999999999965,325.0,,,False,race_week_session_pace_v1
2025-09-catalunya|R|alonso,2025,9,2025-09-catalunya,2025-09-catalunya|R,R,alonso,aston_martin,78.96983333333334,78.128,83.52213559322033,-0.0740689655172414,2.457833333333354,10.0,0.0,338.0,,,False,race_week_session_pace_v1
2025-09-catalunya|R|bearman,2025,9,2025-09-catalunya,2025-09-catalunya|R,R,bearman,haas,79.862,78.907,84.81322222222224,-0.0472075471698115,3.3500000000000085,17.0,0.2034999999999911,338.0,,,False,race_week_session_pace_v1
2025-10-villeneuve|FP1|alonso,2025,10,2025-10-villeneuve,2025-10-villeneuve|FP1,FP1,alonso,aston_martin,75.411,73.972,86.9063076923077,-2.227083333333333,1.6426666666666705,14.0,0.3199999999999932,318.0,,,False,race_week_session_pace_v1
2025-10-villeneuve|FP1|bearman,2025,10,2025-10-villeneuve,2025-10-villeneuve|FP1,FP1,bearman,haas,75.03433333333334,74.52,92.95805555555556,2.8174117647058825,1.2660000000000051,13.0,-0.2355000000000018,316.0,,,False,race_week_session_pace_v1
2025-10-villeneuve|FP2|alonso,2025,10,2025-10-villeneuve,2025-10-villeneuve|FP2,FP2,alonso,aston_martin,73.003,72.458,90.43115,3.2443684210526307,0.019833333333338,2.0,-18.125,325.0,,,False,race_week_session_pace_v1
2025-10-villeneuve|FP2|bearman,2025,10,2025-10-villeneuve,2025-10-villeneuve|FP2,FP2,bearman,haas,73.68633333333334,73.08,85.7986,2.305666666666667,0.7031666666666752,6.0,-0.0093333333333305,321.0,,,False,race_week_session_pace_v1
2025-10-villeneuve|FP3|alonso,2025,10,2025-10-villeneuve,2025-10-villeneuve|FP3,FP3,alonso,aston_martin,73.63666666666667,72.247,93.772625,0.0118571428571426,1.2598333333333471,13.0,0.2447500000000104,330.0,,,False,race_week_session_pace_v1
2025-10-villeneuve|FP3|bearman,2025,10,2025-10-villeneuve,2025-10-villeneuve|FP3,FP3,bearman,haas,73.26133333333333,72.825,96.81713333333332,0.2260000000000001,0.8845000000000027,10.0,0.0071666666666629,324.0,,,False,race_week_session_pace_v1
2025-10-villeneuve|Q|alonso,2025,10,2025-10-villeneuve,2025-10-villeneuve|Q,Q,alonso,aston_martin,71.82916666666667,71.586,86.08319999999999,5.6465,0.2524999999999977,5.0,-4.111000000000004,333.0,,,False,race_week_session_pace_v1
2025-10-villeneuve|Q|bearman,2025,10,2025-10-villeneuve,2025-10-villeneuve|Q,Q,bearman,haas,76.99366666666667,72.306,95.7588,-1.2972499999999982,5.417000000000002,15.0,1.97966666666666,329.0,,,False,race_week_session_pace_v1
2025-10-villeneuve|R|alonso,2025,10,2025-10-villeneuve,2025-10-villeneuve|R,R,alonso,aston_martin,75.08999999999999,75.024,79.07835937499999,0.0282063492063492,0.8224999999999909,11.0,0.0740833333333341,334.0,,,False,race_week_session_pace_v1
2025-10-villeneuve|R|bearman,2025,10,2025-10-villeneuve,2025-10-villeneuve|R,R,bearman,haas,75.50333333333334,75.397,78.19191379310344,0.7281403508771931,1.2358333333333462,13.0,0.3444166666666746,341.0,,,False,race_week_session_pace_v1
2025-11-red_bull_ring|FP1|alonso,2025,11,2025-11-red_bull_ring,2025-11-red_bull_ring|FP1,FP1,alonso,aston_martin,67.07566666666666,66.17,83.3128695652174,-0.3385000000000001,0.6513333333333264,11.0,0.1070833333333354,317.0,,,False,race_week_session_pace_v1
2025-11-red_bull_ring|FP1|bearman,2025,11,2025-11-red_bull_ring,2025-11-red_bull_ring|FP1,FP1,bearman,haas,67.8225,66.738,85.78338095238094,-1.3043,1.3981666666666683,19.0,0.3543333333333436,311.0,,,False,race_week_session_pace_v1
2025-11-red_bull_ring|R|alonso,2025,11,2025-11-red_bull_ring,2025-11-red_bull_ring|R,R,alonso,aston_martin,70.02066666666667,69.935,71.10004761904761,-0.0160967741935482,1.856833333333341,12.0,0.3100000000000023,316.0,,,False,race_week_session_pace_v1
2025-11-red_bull_ring|R|bearman,2025,11,2025-11-red_bull_ring,2025-11-red_bull_ring|R,R,bearman,haas,70.104,69.96,71.20071929824562,-0.0196071428571428,1.94016666666667,14.0,0.2370833333333308,324.0,,,False,race_week_session_pace_v1
2025-12-silverstone|FP1|alonso,2025,12,2025-12-silverstone,2025-12-silverstone|FP1,FP1,alonso,aston_martin,88.97766666666668,87.678,101.9502857142857,4.416384615384616,1.1648333333333485,9.0,0.0930833333333396,313.0,,,False,race_week_session_pace_v1
2025-12-silverstone|FP1|bearman,2025,12,2025-12-silverstone,2025-12-silverstone|FP1,FP1,bearman,haas,89.29666666666667,88.147,104.28661538461536,2.4825000000000004,1.483833333333337,15.0,-0.0744166666666643,317.0,,,False,race_week_session_pace_v1
2025-12-silverstone|FP2|alonso,2025,12,2025-12-silverstone,2025-12-silverstone|FP2,FP2,alonso,aston_martin,88.4175,86.876,109.43473333333334,-0.388857142857144,1.0316666666666805,7.0,0.0694999999999907,320.0,,,False,race_week_session_pace_v1
2025-12-silverstone|FP2|bearman,2025,12,2025-12-silverstone,2025-12-silverstone|FP2,FP2,bearman,haas,88.28233333333333,87.226,100.69939999999998,-1.4152857142857147,0.8965000000000032,6.0,-0.0990833333333398,319.0,,,False,race_week_session_pace_v1
2025-12-silverstone|FP3|alonso,2025,12,2025-12-silverstone,2025-12-silverstone|FP3,FP3,alonso,aston_martin,95.286,86.894,96.8588,4.402000000000001,7.652666666666676,11.0,-1.989833333333337,320.0,,,False,race_week_session_pace_v1
2025-12-silverstone|FP3|bearman,2025,12,2025-12-silverstone,2025-12-silverstone|FP3,FP3,bearman,haas,97.19783333333332,86.112,111.53000000000002,2.5422499999999992,9.564499999999995,15.0,0.2131666666666518,318.0,,,False,race_week_session_pace_v1
2025-12-silverstone|Q|alonso,2025,12,2025-12-silverstone,2025-12-silverstone|Q,Q,alonso,aston_martin,89.241,85.593,,,3.7745000000000033,10.0,-3.456000000000003,323.0,,,False,race_week_session_pace_v1
2025-12-silverstone|Q|bearman,2025,12,2025-12-silverstone,2025-12-silverstone|Q,Q,bearman,haas,85.86966666666666,85.471,92.834,13.801999999999992,0.4031666666666638,6.0,-3.343666666666678,319.0,,,False,race_week_session_pace_v1
2025-12-silverstone|R|alonso,2025,12,2025-12-silverstone,2025-12-silverstone|R,R,alonso,aston_martin,91.05483333333332,90.353,103.32952777777776,-0.479742857142857,0.9074999999999848,7.0,-0.8033333333333417,335.0,,,False,race_week_session_pace_v1
2025-12-silverstone|R|bearman,2025,12,2025-12-silverstone,2025-12-silverstone|R,R,bearman,haas,91.426,90.921,104.95002857142856,-0.8149411764705886,1.2786666666666662,13.0,0.1916666666666771,344.0,,,False,race_week_session_pace_v1
2025-13-spa|FP1|alonso,2025,13,2025-13-spa,2025-13-spa|FP1,FP1,alonso,aston_martin,105.57683333333334,103.12,119.0614,3.4575555555555533,1.6126666666666836,9.0,-1.6918333333333209,342.0,,,False,race_week_session_pace_v1
2025-13-spa|FP1|bearman,2025,13,2025-13-spa,2025-13-spa|FP1,FP1,bearman,haas,106.65783333333331,105.077,112.01966666666664,1.6278749999999995,2.6936666666666724,16.0,0.6112499999999983,345.0,,,False,race_week_session_pace_v1
2025-13-spa|Q|alonso,2025,13,2025-13-spa,2025-13-spa|Q,Q,alonso,aston_martin,117.4194,102.385,116.952,,16.422733333333326,17.0,-3.7442166666666594,340.0,,,False,race_week_session_pace_v1
2025-13-spa|Q|bearman,2025,13,2025-13-spa,2025-13-spa|Q,Q,bearman,haas,108.58916666666666,101.617,110.26300000000002,5.360500000000002,7.592499999999987,13.0,1.0131666666666632,338.0,,,False,race_week_session_pace_v1
2025-13-spa|S|alonso,2025,13,2025-13-spa,2025-13-spa|S,S,alonso,aston_martin,107.6075,107.444,107.91614285714286,-0.0224615384615385,1.471666666666664,17.0,0.0223333333333215,346.0,,,False,race_week_session_pace_v1
2025-13-spa|S|bearman,2025,13,2025-13-spa,2025-13-spa|S,S,bearman,haas,107.1695,107.038,107.43735714285712,0.0549230769230768,1.0336666666666758,7.0,0.0880833333333299,347.0,,,False,race_week_session_pace_v1
2025-13-spa|SQ|alonso,2025,13,2025-13-spa,2025-13-spa|SQ,SQ,alonso,aston_martin,124.0432,102.427,,,11.445999999999998,15.0,1.341850000000008,345.0,,,False,race_week_session_pace_v1
2025-13-spa|SQ|bearman,2025,13,2025-13-spa,2025-13-spa|SQ,SQ,bearman,haas,115.11783333333337,101.857,121.392,36.73599999999999,2.5206333333333504,5.0,-0.5820833333333155,346.0,,,False,race_week_session_pace_v1
2025-14-hungaroring|FP1|bearman,2025,14,2025-14-hungaroring,2025-14-hungaroring|FP1,FP1,bearman,haas,78.31583333333333,76.878,99.290875,-1.3907999999999996,0.6928333333333399,5.0,-0.1564999999999941,303.0,,,False,race_week_session_pace_v1
2025-14-hungaroring|FP2|alonso,2025,14,2025-14-hungaroring,2025-14-hungaroring|FP2,FP2,alonso,aston_martin,77.54983333333332,76.233,97.0092,-1.4210714285714283,0.1093333333333248,3.0,-0.2718333333333333,309.0,,,False,race_week_session_pace_v1
2025-14-hungaroring|FP2|bearman,2025,14,2025-14-hungaroring,2025-14-hungaroring|FP2,FP2,bearman,haas,79.18483333333334,76.567,98.637,0.2093749999999996,1.7443333333333442,15.0,0.3069166666666802,308.0,,,False,race_week_session_pace_v1
2025-14-hungaroring|FP3|alonso,2025,14,2025-14-hungaroring,2025-14-hungaroring|FP3,FP3,alonso,aston_martin,82.04416666666667,75.794,97.69066666666669,2.9166,5.464166666666671,16.0,2.7320833333333354,309.0,,,False,race_week_session_pace_v1
2025-14-hungaroring|FP3|bearman,2025,14,2025-14-hungaroring,2025-14-hungaroring|FP3,FP3,bearman,haas,88.5945,76.127,104.37014285714284,-0.903000000000001,12.014499999999998,20.0,2.8644999999999925,309.0,,,False,race_week_session_pace_v1
2025-14-hungaroring|Q|alonso,2025,14,2025-14-hungaroring,2025-14-hungaroring|Q,Q,alonso,aston_martin,79.69866666666665,75.281,,,4.388666666666666,10.0,1.95141666666666,312.0,,,False,race_week_session_pace_v1
2025-14-hungaroring|Q|bearman,2025,14,2025-14-hungaroring,2025-14-hungaroring|Q,Q,bearman,haas,84.79950000000001,75.694,,,9.48950000000002,14.0,-1.6574999999999849,312.0,,,False,race_week_session_pace_v1
2025-14-hungaroring|R|alonso,2025,14,2025-14-hungaroring,2025-14-hungaroring|R,R,alonso,aston_martin,80.30116666666667,80.113,82.10398437500001,-0.047095238095238,0.8388333333333406,6.0,-0.221666666666664,290.0,,,False,race_week_session_pace_v1
2025-14-hungaroring|R|bearman,2025,14,2025-14-hungaroring,2025-14-hungaroring|R,R,bearman,haas,82.1895,81.989,83.64215,0.1482820512820513,2.727166666666662,20.0,0.0892500000000069,308.0,,,False,race_week_session_pace_v1
2025-15-zandvoort|FP1|alonso,2025,15,2025-15-zandvoort,2025-15-zandvoort|FP1,FP1,alonso,aston_martin,72.83616666666667,70.841,86.41499999999999,-1.1507499999999995,0.8033333333333417,6.0,0.2895000000000038,325.0,,,False,race_week_session_pace_v1
2025-15-zandvoort|FP1|bearman,2025,15,2025-15-zandvoort,2025-15-zandvoort|FP1,FP1,bearman,haas,74.31816666666667,72.564,86.21778947368422,-1.6099444444444435,2.285333333333341,17.0,0.1821666666666743,323.0,,,False,race_week_session_pace_v1
2025-15-zandvoort|FP2|alonso,2025,15,2025-15-zandvoort,2025-15-zandvoort|FP2,FP2,alonso,aston_martin,72.39916666666666,69.977,88.712,2.3711111111111114,0.0,1.0,-12.98211666666667,328.0,,,False,race_week_session_pace_v1
2025-15-zandvoort|FP2|bearman,2025,15,2025-15-zandvoort,2025-15-zandvoort|FP2,FP2,bearman,haas,73.45333333333333,71.113,79.58775,1.4640666666666666,1.0541666666666742,10.0,-0.0264166666666625,325.0,,,False,race_week_session_pace_v1
2025-15-zandvoort|FP3|alonso,2025,15,2025-15-zandvoort,2025-15-zandvoort|FP3,FP3,alonso,aston_martin,72.51933333333334,70.232,82.62366666666667,0.8978181818181823,1.8733333333333209,12.0,0.5049166666666736,331.0,,,False,race_week_session_pace_v1
2025-15-zandvoort|FP3|bearman,2025,15,2025-15-zandvoort,2025-15-zandvoort|FP3,FP3,bearman,haas,73.78983333333333,70.595,96.00022222222223,3.0215,3.143833333333319,14.0,-0.1377499999999969,326.0,,,False,race_week_session_pace_v1
2025-15-zandvoort|Q|alonso,2025,15,2025-15-zandvoort,2025-15-zandvoort|Q,Q,alonso,aston_martin,73.33533333333332,69.366,84.459,-0.2484999999999999,4.194833333333335,11.0,-9.355333333333334,331.0,,,False,race_week_session_pace_v1
2025-15-zandvoort|Q|bearman,2025,15,2025-15-zandvoort,2025-15-zandvoort|Q,Q,bearman,haas,82.76366666666667,70.262,78.23400000000001,15.61999999999999,13.623166666666677,17.0,-0.8561666666666667,326.0,,,False,race_week_session_pace_v1
2025-15-zandvoort|R|alonso,2025,15,2025-15-zandvoort,2025-15-zandvoort|R,R,alonso,aston_martin,74.33833333333332,73.719,82.93154999999999,-0.0381694915254238,1.7879999999999825,10.0,-0.1101666666666716,332.0,,,False,race_week_session_pace_v1
2025-15-zandvoort|R|bearman,2025,15,2025-15-zandvoort,2025-15-zandvoort|R,R,bearman,haas,74.39383333333333,73.95,80.764296875,-0.0355396825396826,1.843499999999992,11.0,-0.2538333333333327,330.0,,,False,race_week_session_pace_v1
2025-16-monza|FP1|alonso,2025,16,2025-16-monza,2025-16-monza|FP1,FP1,alonso,aston_martin,84.72933333333332,81.114,109.2928,4.84911111111111,3.52616666666664,20.0,1.3118333333333254,349.0,,,False,race_week_session_pace_v1
2025-16-monza|FP1|bearman,2025,16,2025-16-monza,2025-16-monza|FP1,FP1,bearman,haas,82.7795,82.058,105.13992857142856,0.788923076923077,1.5763333333333236,16.0,-0.0251666666666636,342.0,,,False,race_week_session_pace_v1
2025-16-monza|FP2|alonso,2025,16,2025-16-monza,2025-16-monza|FP2,FP2,alonso,aston_martin,82.13833333333334,80.645,100.91306666666668,4.391214285714285,1.2063333333333333,12.0,0.4209166666666704,343.0,,,False,race_week_session_pace_v1
2025-16-monza|FP2|bearman,2025,16,2025-16-monza,2025-16-monza|FP2,FP2,bearman,haas,81.84016666666666,80.607,92.356,3.166529411764706,0.9081666666666592,8.0,-0.0612500000000011,341.0,,,False,race_week_session_pace_v1
2025-16-monza|FP3|alonso,2025,16,2025-16-monza,2025-16-monza|FP3,FP3,alonso,aston_martin,80.64883333333334,79.861,105.711875,-5.958714285714284,0.5541666666666742,8.0,-0.0247499999999973,348.0,,,False,race_week_session_pace_v1
2025-16-monza|FP3|bearman,2025,16,2025-16-monza,2025-16-monza|FP3,FP3,bearman,haas,80.843,80.209,110.43154545454544,4.7452,0.7483333333333348,10.0,-0.2464999999999975,345.0,,,False,race_week_session_pace_v1
2025-16-monza|Q|alonso,2025,16,2025-16-monza,2025-16-monza|Q,Q,alonso,aston_martin,79.75583333333333,79.362,95.50933333333334,-0.705999999999996,0.4984999999999928,10.0,-6.382750000000016,349.0,,,False,race_week_session_pace_v1
2025-16-monza|Q|bearman,2025,16,2025-16-monza,2025-16-monza|Q,Q,bearman,haas,82.60416666666666,79.446,88.812,18.298,3.346833333333322,14.0,-0.03691666666667,349.0,,,False,race_week_session_pace_v1
2025-16-monza|R|alonso,2025,16,2025-16-monza,2025-16-monza|R,R,alonso,aston_martin,84.09466666666667,83.757,85.97238888888889,1.3269411764705878,2.962999999999994,19.0,0.6433333333333309,351.0,,,False,race_week_session_pace_v1
2025-16-monza|R|bearman,2025,16,2025-16-monza,2025-16-monza|R,R,bearman,haas,82.145,81.82,83.76297777777778,-0.0683863636363636,1.0133333333333212,10.0,-0.4553333333333285,360.0,,,False,race_week_session_pace_v1
2025-17-baku|FP1|alonso,2025,17,2025-17-baku,2025-17-baku|FP1,FP1,alonso,aston_martin,109.21283333333334,104.139,117.9965,8.294000000000002,5.12266666666666,10.0,-0.7947500000000076,338.0,,,False,race_week_session_pace_v1
2025-17-baku|FP1|bearman,2025,17,2025-17-baku,2025-17-baku|FP1,FP1,bearman,haas,108.99899999999998,104.151,119.10775,11.889999999999995,4.908833333333305,9.0,-0.8108333333333348,338.0,,,False,race_week_session_pace_v1
2025-17-baku|FP2|alonso,2025,17,2025-17-baku,2025-17-baku|FP2,FP2,alonso,aston_martin,105.75583333333331,102.967,122.70384615384616,2.7862500000000003,3.169166666666669,20.0,0.6184166666666613,346.0,,,False,race_week_session_pace_v1
2025-17-baku|FP2|bearman,2025,17,2025-17-baku,2025-17-baku|FP2,FP2,bearman,haas,104.72983333333332,101.891,117.35569230769232,1.080083333333332,2.1431666666666587,13.0,0.2027499999999804,347.0,,,False,race_week_session_pace_v1
2025-17-baku|FP3|alonso,2025,17,2025-17-baku,2025-17-baku|FP3,FP3,alonso,aston_martin,103.907,102.591,108.977,-0.5507500000000007,0.9101666666666688,5.0,-0.4149166666666559,351.0,,,False,race_week_session_pace_v1
2025-17-baku|FP3|bearman,2025,17,2025-17-baku,2025-17-baku|FP3,FP3,bearman,haas,102.99683333333331,101.985,117.84272727272727,3.4431,0.0,1.0,-0.5975833333333327,345.0,,,False,race_week_session_pace_v1
2025-17-baku|Q|alonso,2025,17,2025-17-baku,2025-17-baku|Q,Q,alonso,aston_martin,108.91966666666669,101.857,120.3345,36.95500000000001,6.867000000000004,9.0,-2.071416666666664,341.0,,,False,race_week_session_pace_v1
2025-17-baku|Q|bearman,2025,17,2025-17-baku,2025-17-baku|Q,Q,bearman,haas,113.463,102.666,,,11.41033333333334,17.0,-0.3546249999999986,339.0,,,False,race_week_session_pace_v1
2025-17-baku|R|alonso,2025,17,2025-17-baku,2025-17-baku|R,R,alonso,aston_martin,105.27516666666666,105.002,106.7126046511628,-0.1737857142857141,1.762666666666675,15.0,-0.0574999999999903,347.0,,,False,race_week_session_pace_v1
2025-17-baku|R|bearman,2025,17,2025-17-baku,2025-17-baku|R,R,bearman,haas,104.54216666666666,104.288,106.73423255813954,-0.2388571428571431,1.029666666666671,8.0,-0.4980833333333265,359.0,,,False,race_week_session_pace_v1
2025-18-marina_bay|FP1|alonso,2025,18,2025-18-marina_bay,2025-18-marina_bay|FP1,FP1,alonso,aston_martin,91.827,91.116,118.19261538461538,-0.2125833333333323,0.0,1.0,-2.2069999999999936,307.0,,,False,race_week_session_pace_v1
2025-18-marina_bay|FP1|bearman,2025,18,2025-18-marina_bay,2025-18-marina_bay|FP1,FP1,bearman,haas,94.08966666666667,92.538,116.40113333333332,3.1270714285714285,2.262666666666675,13.0,-0.078083333333339,304.0,,,False,race_week_session_pace_v1
2025-18-marina_bay|FP2|alonso,2025,18,2025-18-marina_bay,2025-18-marina_bay|FP2,FP2,alonso,aston_martin,92.68216666666666,90.877,116.408,1.2059000000000026,0.0,1.0,-0.2207500000000095,310.0,,,False,race_week_session_pace_v1
2025-18-marina_bay|FP2|bearman,2025,18,2025-18-marina_bay,2025-18-marina_bay|FP2,FP2,bearman,haas,100.17633333333332,91.711,118.7754,12.429999999999996,7.494166666666672,15.0,3.6356666666666513,312.0,,,False,race_week_session_pace_v1
2025-18-marina_bay|FP3|alonso,2025,18,2025-18-marina_bay,2025-18-marina_bay|FP3,FP3,alonso,aston_martin,95.18516666666665,90.923,105.8078,4.827555555555555,3.793333333333308,16.0,1.3798333333333233,310.0,,,False,race_week_session_pace_v1
2025-18-marina_bay|FP3|bearman,2025,18,2025-18-marina_bay,2025-18-marina_bay|FP3,FP3,bearman,haas,92.66933333333331,90.799,108.46653846153846,-2.013916666666667,1.2774999999999892,9.0,0.1801666666666506,310.0,,,False,race_week_session_pace_v1
2025-18-marina_bay|Q|alonso,2025,18,2025-18-marina_bay,2025-18-marina_bay|Q,Q,alonso,aston_martin,90.3355,89.955,100.1835,19.649,0.5831666666666706,7.0,-9.160749999999991,313.0,,,False,race_week_session_pace_v1
2025-18-marina_bay|Q|bearman,2025,18,2025-18-marina_bay,2025-18-marina_bay|Q,Q,bearman,haas,94.10166666666667,89.868,113.802,,4.349333333333334,11.0,-7.109791666666666,313.0,,,False,race_week_session_pace_v1
2025-18-marina_bay|R|alonso,2025,18,2025-18-marina_bay,2025-18-marina_bay|R,R,alonso,aston_martin,95.93883333333332,95.862,97.82874137931034,-0.0903157894736841,1.4668333333333266,10.0,-0.2154166666666697,319.0,,,False,race_week_session_pace_v1
2025-18-marina_bay|R|bearman,2025,18,2025-18-marina_bay,2025-18-marina_bay|R,R,bearman,haas,96.22716666666668,96.201,98.13057407407406,-0.0461320754716982,1.755166666666682,14.0,-0.5651666666666699,308.0,,,False,race_week_session_pace_v1
2025-19-americas|FP1|alonso,2025,19,2025-19-americas,2025-19-americas|FP1,FP1,alonso,aston_martin,96.157,93.639,110.80208333333331,4.474272727272727,0.5904999999999916,7.0,-0.2799999999999869,327.0,,,False,race_week_session_pace_v1
2025-19-americas|FP1|bearman,2025,19,2025-19-americas,2025-19-americas|FP1,FP1,bearman,haas,96.10516666666666,94.333,106.74938461538464,4.186250000000001,0.5386666666666571,6.0,0.0779166666666526,326.0,,,False,race_week_session_pace_v1
2025-19-americas|Q|alonso,2025,19,2025-19-americas,2025-19-americas|Q,Q,alonso,aston_martin,96.21233333333332,93.16,98.1915,9.159000000000006,2.976166666666657,6.0,-6.249958333333325,328.0,,,False,race_week_session_pace_v1
2025-19-americas|Q|bearman,2025,19,2025-19-americas,2025-19-americas|Q,Q,bearman,haas,96.7445,93.139,112.382,,3.5083333333333258,8.0,-5.688624999999988,325.0,,,False,race_week_session_pace_v1
2025-19-americas|R|alonso,2025,19,2025-19-americas,2025-19-americas|R,R,alonso,aston_martin,98.9685,98.789,101.50782692307692,-0.0411176470588236,1.082333333333338,12.0,-0.1530833333333419,319.0,,,False,race_week_session_pace_v1
2025-19-americas|R|bearman,2025,19,2025-19-americas,2025-19-americas|R,R,bearman,haas,99.2995,99.119,101.4690588235294,-0.02286,1.413333333333341,16.0,-0.075166666666675,334.0,,,False,race_week_session_pace_v1
2025-19-americas|S|bearman,2025,19,2025-19-americas,2025-19-americas|S,S,bearman,haas,98.68083333333334,98.435,112.237,0.7699285714285712,1.4676666666666731,8.0,-0.2339166666666585,320.0,,,False,race_week_session_pace_v1
2025-19-americas|SQ|alonso,2025,19,2025-19-americas,2025-19-americas|SQ,SQ,alonso,aston_martin,112.805,92.91,122.8,,14.05983333333333,12.0,-1.3670000000000186,327.0,,,False,race_week_session_pace_v1
2025-19-americas|SQ|bearman,2025,19,2025-19-americas,2025-19-americas|SQ,SQ,bearman,haas,119.61433333333332,95.159,130.684,,20.869166666666672,18.0,0.7836666666666758,324.0,,,False,race_week_session_pace_v1
2025-20-rodriguez|FP1|alonso,2025,20,2025-20-rodriguez,2025-20-rodriguez|FP1,FP1,alonso,aston_martin,81.34683333333335,79.472,97.09923529411763,1.0799374999999998,1.4463333333333424,14.0,-0.0099999999999909,347.0,,,False,race_week_session_pace_v1
2025-20-rodriguez|FP2|alonso,2025,20,2025-20-rodriguez,2025-20-rodriguez|FP2,FP2,alonso,aston_martin,80.67016666666666,77.938,93.4445,0.2127647058823523,2.015666666666661,19.0,0.8658333333333417,349.0,,,False,race_week_session_pace_v1
2025-20-rodriguez|FP2|bearman,2025,20,2025-20-rodriguez,2025-20-rodriguez|FP2,FP2,bearman,haas,79.2985,78.442,95.414,-0.1183333333333334,0.6440000000000055,7.0,-0.2780000000000058,348.0,,,False,race_week_session_pace_v1
2025-20-rodriguez|FP3|alonso,2025,20,2025-20-rodriguez,2025-20-rodriguez|FP3,FP3,alonso,aston_martin,99.1895,78.611,95.34766666666668,4.133499999999998,21.34350000000001,20.0,10.333666666666687,347.0,,,False,race_week_session_pace_v1
2025-20-rodriguez|FP3|bearman,2025,20,2025-20-rodriguez,2025-20-rodriguez|FP3,FP3,bearman,haas,78.49000000000001,78.046,106.79971428571426,-2.3123076923076926,0.6440000000000055,6.0,0.110666666666674,345.0,,,False,race_week_session_pace_v1
2025-20-rodriguez|Q|alonso,2025,20,2025-20-rodriguez,2025-20-rodriguez|Q,Q,alonso,aston_martin,80.77916666666667,77.103,87.495,19.35000000000001,4.3798333333333375,13.0,-5.064416666666659,351.0,,,False,race_week_session_pace_v1
2025-20-rodriguez|Q|bearman,2025,20,2025-20-rodriguez,2025-20-rodriguez|Q,Q,bearman,haas,77.03583333333334,76.46,86.87475,6.999666666666665,0.6365000000000123,9.0,-1.40091666666666,347.0,,,False,race_week_session_pace_v1
2025-20-rodriguez|R|alonso,2025,20,2025-20-rodriguez,2025-20-rodriguez|R,R,alonso,aston_martin,82.2865,81.708,84.0952222222222,0.4159230769230767,1.7628333333333472,17.0,0.410499999999999,352.0,,,False,race_week_session_pace_v1
2025-20-rodriguez|R|bearman,2025,20,2025-20-rodriguez,2025-20-rodriguez|R,R,bearman,haas,80.8445,80.705,82.79527692307691,0.0979218750000001,0.3208333333333399,6.0,-0.6105833333333379,348.0,,,False,race_week_session_pace_v1
2025-21-interlagos|FP1|alonso,2025,21,2025-21-interlagos,2025-21-interlagos|FP1,FP1,alonso,aston_martin,71.76316666666666,70.606,91.943,-0.1433999999999997,0.9274999999999948,11.0,0.076750000000004,330.0,,,False,race_week_session_pace_v1
2025-21-interlagos|FP1|bearman,2025,21,2025-21-interlagos,2025-21-interlagos|FP1,FP1,bearman,haas,72.04783333333334,70.961,89.09763636363637,-0.3778571428571429,1.2121666666666755,17.0,0.0952500000000071,329.0,,,False,race_week_session_pace_v1
2025-21-interlagos|Q|alonso,2025,21,2025-21-interlagos,2025-21-interlagos|Q,Q,alonso,aston_martin,75.03383333333333,70.001,85.29050000000001,28.310999999999996,5.139499999999998,14.0,0.0868333333333311,335.0,,,False,race_week_session_pace_v1
2025-21-interlagos|Q|bearman,2025,21,2025-21-interlagos,2025-21-interlagos|Q,Q,bearman,haas,71.74516666666666,69.755,80.12,,1.850833333333327,7.0,-6.189166666666665,334.0,,,False,race_week_session_pace_v1
2025-21-interlagos|R|alonso,2025,21,2025-21-interlagos,2025-21-interlagos|R,R,alonso,aston_martin,73.75683333333335,73.312,76.96057142857144,-0.633983870967742,0.9233333333333462,12.0,0.214500000000001,334.0,,,False,race_week_session_pace_v1
2025-21-interlagos|R|bearman,2025,21,2025-21-interlagos,2025-21-interlagos|R,R,bearman,haas,73.64783333333332,73.483,77.60444615384617,-0.5825312500000002,0.8143333333333231,11.0,0.0035833333333243,329.0,,,False,race_week_session_pace_v1
2025-21-interlagos|S|alonso,2025,21,2025-21-interlagos,2025-21-interlagos|S,S,alonso,aston_martin,73.38116666666666,73.226,77.38159090909092,0.0920476190476193,1.0216666666666612,8.0,-0.0286666666666661,329.0,,,False,race_week_session_pace_v1
2025-21-interlagos|S|bearman,2025,21,2025-21-interlagos,2025-21-interlagos|S,S,bearman,haas,73.84916666666668,73.757,78.61968181818183,0.0740000000000001,1.489666666666679,14.0,-0.0138333333333235,346.0,,,False,race_week_session_pace_v1
2025-21-interlagos|SQ|alonso,2025,21,2025-21-interlagos,2025-21-interlagos|SQ,SQ,alonso,aston_martin,80.8105,69.33,86.29499999999999,32.568,11.222666666666669,14.0,3.1840833333333336,328.0,,,False,race_week_session_pace_v1
2025-21-interlagos|SQ|bearman,2025,21,2025-21-interlagos,2025-21-interlagos|SQ,SQ,bearman,haas,80.19033333333333,69.946,86.90475,10.343333333333334,10.602499999999992,13.0,-2.939083333333329,326.0,,,False,race_week_session_pace_v1
2025-22-vegas|FP1|alonso,2025,22,2025-22-vegas,2025-22-vegas|FP1,FP1,alonso,aston_martin,97.77333333333333,95.746,113.16792307692307,1.8544999999999991,2.2933333333333223,17.0,0.440250000000006,344.0,,,False,race_week_session_pace_v1
2025-22-vegas|FP1|bearman,2025,22,2025-22-vegas,2025-22-vegas|FP1,FP1,bearman,haas,97.38433333333334,95.99,109.56236842105262,2.0704444444444445,1.9043333333333408,14.0,0.2064166666666693,341.0,,,False,race_week_session_pace_v1
2025-22-vegas|FP2|alonso,2025,22,2025-22-vegas,2025-22-vegas|FP2,FP2,alonso,aston_martin,99.56333333333332,95.012,108.83275,9.739666666666665,4.928999999999988,14.0,0.2190833333333444,346.0,,,False,race_week_session_pace_v1
2025-22-vegas|FP2|bearman,2025,22,2025-22-vegas,2025-22-vegas|FP2,FP2,bearman,haas,98.8235,94.986,114.4512,3.6255000000000015,4.189166666666665,12.0,0.8298333333333403,343.0,,,False,race_week_session_pace_v1
2025-22-vegas|FP3|alonso,2025,22,2025-22-vegas,2025-22-vegas|FP3,FP3,alonso,aston_martin,102.62600000000002,95.54,112.54216666666667,7.168800000000002,5.973000000000013,18.0,-2.355249999999998,340.0,,,False,race_week_session_pace_v1
2025-22-vegas|FP3|bearman,2025,22,2025-22-vegas,2025-22-vegas|FP3,FP3,bearman,haas,100.53166666666664,95.586,119.89,8.608799999999999,3.8786666666666463,12.0,0.4805833333333282,339.0,,,False,race_week_session_pace_v1
2025-22-vegas|Q|alonso,2025,22,2025-22-vegas,2025-22-vegas|Q,Q,alonso,aston_martin,111.57033333333334,109.466,121.84166666666668,-0.5859285714285717,1.4253333333333558,8.0,-1.3675000000000068,310.0,,,False,race_week_session_pace_v1
2025-22-vegas|Q|bearman,2025,22,2025-22-vegas,2025-22-vegas|Q,Q,bearman,haas,114.45533333333331,113.094,125.4812857142857,4.266166666666663,4.310333333333347,14.0,0.1526666666666756,311.0,,,False,race_week_session_pace_v1
2025-22-vegas|R|alonso,2025,22,2025-22-vegas,2025-22-vegas|R,R,alonso,aston_martin,95.80150000000002,95.629,97.54921428571429,-0.0059268292682929,1.897166666666692,16.0,0.0,326.0,,,False,race_week_session_pace_v1
2025-22-vegas|R|bearman,2025,22,2025-22-vegas,2025-22-vegas|R,R,bearman,haas,95.2195,94.519,97.20661904761904,-0.1180731707317071,1.31516666666667,14.0,0.2611666666666679,345.0,,,False,race_week_session_pace_v1
2025-23-losail|FP1|alonso,2025,23,2025-23-losail,2025-23-losail|FP1,FP1,alonso,aston_martin,82.68166666666666,81.31,102.11729411764703,2.5209375000000005,0.6403333333333308,3.0,0.025666666666666,322.0,,,False,race_week_session_pace_v1
2025-23-losail|FP1|bearman,2025,23,2025-23-losail,2025-23-losail|FP1,FP1,bearman,haas,84.0485,81.926,100.6258125,2.3044,2.007166666666677,18.0,0.3520833333333399,321.0,,,False,race_week_session_pace_v1
2025-23-losail|Q|alonso,2025,23,2025-23-losail,2025-23-losail|Q,Q,alonso,aston_martin,80.5175,80.219,87.62600000000002,-10.744999999999996,0.6161666666666576,6.0,-4.52825,328.0,,,False,race_week_session_pace_v1
2025-23-losail|Q|bearman,2025,23,2025-23-losail,2025-23-losail|Q,Q,bearman,haas,80.73183333333334,80.438,94.1908,5.6015000000000015,0.8305000000000007,10.0,-4.721166666666662,324.0,,,False,race_week_session_pace_v1
2025-23-losail|R|alonso,2025,23,2025-23-losail,2025-23-losail|R,R,alonso,aston_martin,84.216,83.94,86.74251111111111,-0.0892500000000001,1.0268333333333288,8.0,-0.2620000000000004,328.0,,,False,race_week_session_pace_v1
2025-23-losail|R|bearman,2025,23,2025-23-losail,2025-23-losail|R,R,bearman,haas,85.4015,84.93,89.4116551724138,1.1703928571428572,2.212333333333333,15.0,-0.0403333333333364,331.0,,,False,race_week_session_pace_v1
2025-23-losail|S|alonso,2025,23,2025-23-losail,2025-23-losail|S,S,alonso,aston_martin,85.51799999999999,85.415,85.89893333333333,0.0172857142857135,1.174999999999983,8.0,0.3507499999999908,306.0,,,False,race_week_session_pace_v1
2025-23-losail|S|bearman,2025,23,2025-23-losail,2025-23-losail|S,S,bearman,haas,85.892,85.593,86.20927777777777,-0.037941176470588,1.5489999999999924,17.0,-0.0149166666666644,333.0,,,False,race_week_session_pace_v1
2025-23-losail|SQ|alonso,2025,23,2025-23-losail,2025-23-losail|SQ,SQ,alonso,aston_martin,82.49933333333333,80.45,96.6792,-0.2064999999999983,1.4644999999999868,8.0,-10.609750000000004,330.0,,,False,race_week_session_pace_v1
2025-23-losail|SQ|bearman,2025,23,2025-23-losail,2025-23-losail|SQ,SQ,bearman,haas,86.20233333333333,81.494,105.3835,-0.9256,5.16749999999999,12.0,-0.3671666666666766,325.0,,,False,race_week_session_pace_v1
2025-24-yas_marina|FP1|bearman,2025,24,2025-24-yas_marina,2025-24-yas_marina|FP1,FP1,bearman,haas,88.883,84.759,104.22175,5.308333333333333,3.313333333333333,20.0,1.3632500000000078,325.0,,,False,race_week_session_pace_v1
2025-24-yas_marina|FP2|alonso,2025,24,2025-24-yas_marina,2025-24-yas_marina|FP2,FP2,alonso,aston_martin,84.7685,83.708,108.02288235294118,-0.4330000000000007,0.2225000000000108,4.0,0.1112499999999983,327.0,,,False,race_week_session_pace_v1
2025-24-yas_marina|FP2|bearman,2025,24,2025-24-yas_marina,2025-24-yas_marina|FP2,FP2,bearman,haas,84.85816666666666,83.501,96.62776470588234,1.8458750000000004,0.3121666666666698,6.0,0.1552499999999952,330.0,,,False,race_week_session_pace_v1
2025-24-yas_marina|FP3|alonso,2025,24,2025-24-yas_marina,2025-24-yas_marina|FP3,FP3,alonso,aston_martin,91.3405,83.585,108.0742,-4.081249999999997,6.590333333333348,13.0,0.86666666666666,327.0,,,False,race_week_session_pace_v1
2025-24-yas_marina|FP3|bearman,2025,24,2025-24-yas_marina,2025-24-yas_marina|FP3,FP3,bearman,haas,86.08283333333334,83.609,97.7065,5.1934,1.3326666666666824,6.0,0.6663333333333412,327.0,,,False,race_week_session_pace_v1
2025-24-yas_marina|Q|alonso,2025,24,2025-24-yas_marina,2025-24-yas_marina|Q,Q,alonso,aston_martin,83.09433333333334,82.861,95.5195,24.48100000000001,0.366333333333344,3.0,-2.380666666666656,330.0,,,False,race_week_session_pace_v1
2025-24-yas_marina|Q|bearman,2025,24,2025-24-yas_marina,2025-24-yas_marina|Q,Q,bearman,haas,98.32216666666666,83.041,108.249,,15.594166666666666,17.0,7.521833333333333,327.0,,,False,race_week_session_pace_v1
2025-24-yas_marina|R|alonso,2025,24,2025-24-yas_marina,2025-24-yas_marina|R,R,alonso,aston_martin,88.57799999999999,88.279,89.77390384615386,-0.0323529411764707,1.7233333333333292,12.0,0.3700833333333264,341.0,,,False,race_week_session_pace_v1
2025-24-yas_marina|R|bearman,2025,24,2025-24-yas_marina,2025-24-yas_marina|R,R,bearman,haas,89.04899999999999,88.976,89.88213999999998,0.022469387755102,2.194333333333333,17.0,0.167749999999998,343.0,,,False,race_week_session_pace_v1
2026-01-albert_park|FP1|bearman,2026,1,2026-01-albert_park,2026-01-albert_park|FP1,FP1,bearman,haas,83.69583333333334,82.682,107.2563846153846,-1.008916666666667,2.529500000000013,12.0,0.5089166666666785,303.0,,,False,race_week_session_pace_v1
2026-01-albert_park|FP1|bortoleto,2026,1,2026-01-albert_park,2026-01-albert_park|FP1,FP1,bortoleto,audi,83.16716666666666,81.696,100.99945454545455,-2.3232,2.000833333333333,10.0,-1.5063333333333304,303.0,,,False,race_week_session_pace_v1
2026-01-albert_park|FP2|alonso,2026,1,2026-01-albert_park,2026-01-albert_park|FP2,FP2,alonso,aston_martin,91.18366666666668,84.662,99.55271428571427,-1.8271666666666655,10.522833333333324,19.0,-6.1228333333333325,299.0,,,False,race_week_session_pace_v1
2026-01-albert_park|FP2|bearman,2026,1,2026-01-albert_park,2026-01-albert_park|FP2,FP2,bearman,haas,83.36183333333334,81.326,98.9871,2.4746315789473683,2.7009999999999934,16.0,0.2165000000000105,311.0,,,False,race_week_session_pace_v1
2026-01-albert_park|FP2|bortoleto,2026,1,2026-01-albert_park,2026-01-albert_park|FP2,FP2,bortoleto,audi,83.31116666666667,81.668,97.548,-1.147133333333333,2.6503333333333217,15.0,0.7651666666666728,304.0,,,False,race_week_session_pace_v1
2026-01-albert_park|FP3|alonso,2026,1,2026-01-albert_park,2026-01-albert_park|FP3,FP3,alonso,aston_martin,83.23349999999999,82.72,93.754,-8.332999999999998,2.73566666666666,12.0,0.0,298.0,,,False,race_week_session_pace_v1
2026-01-albert_park|FP3|bearman,2026,1,2026-01-albert_park,2026-01-albert_park|FP3,FP3,bearman,haas,92.29433333333331,80.778,112.47875,-1.1175714285714275,11.796499999999996,19.0,3.191416666666669,306.0,,,False,race_week_session_pace_v1
2026-01-albert_park|FP3|bortoleto,2026,1,2026-01-albert_park,2026-01-albert_park|FP3,FP3,bortoleto,audi,87.93299999999999,80.459,108.73957142857144,-3.981333333333334,7.43516666666666,16.0,2.413749999999993,304.0,,,False,race_week_session_pace_v1
2026-01-albert_park|Q|alonso,2026,1,2026-01-albert_park,2026-01-albert_park|Q,Q,alonso,aston_martin,88.92599999999999,81.969,,,9.780999999999992,17.0,0.0,294.0,,,False,race_week_session_pace_v1
2026-01-albert_park|Q|bearman,2026,1,2026-01-albert_park,2026-01-albert_park|Q,Q,bearman,haas,81.075,80.311,,,1.9300000000000068,10.0,0.0150833333333366,309.0,,,False,race_week_session_pace_v1
2026-01-albert_park|Q|bortoleto,2026,1,2026-01-albert_park,2026-01-albert_park|Q,Q,bortoleto,audi,84.724,80.221,80.747,,5.579000000000008,15.0,1.7205000000000013,301.0,,,False,race_week_session_pace_v1
2026-01-albert_park|R|alonso,2026,1,2026-01-albert_park,2026-01-albert_park|R,R,alonso,aston_martin,86.26016666666665,85.713,89.84992307692308,-0.06275,3.77249999999998,19.0,0.2452499999999986,309.0,,,False,race_week_session_pace_v1
2026-01-albert_park|R|bearman,2026,1,2026-01-albert_park,2026-01-albert_park|R,R,bearman,haas,84.13033333333334,84.02,86.97791836734694,0.0134583333333333,1.6426666666666705,11.0,-0.2109166666666624,322.0,,,False,race_week_session_pace_v1
2026-01-albert_park|R|bortoleto,2026,1,2026-01-albert_park,2026-01-albert_park|R,R,bortoleto,audi,83.56150000000001,83.257,87.24328888888888,-0.0342272727272727,1.07383333333334,7.0,0.0,323.0,,,False,race_week_session_pace_v1
2026-02-shanghai|FP1|alonso,2026,2,2026-02-shanghai,2026-02-shanghai|FP1,FP1,alonso,aston_martin,98.55083333333332,95.856,112.804,1.5859999999999983,4.141333333333336,18.0,-0.3390000000000128,302.0,,,False,race_week_session_pace_v1
2026-02-shanghai|FP1|bearman,2026,2,2026-02-shanghai,2026-02-shanghai|FP1,FP1,bearman,haas,95.6845,94.426,109.789,2.873133333333333,1.2750000000000057,7.0,-0.2844999999999942,320.0,,,False,race_week_session_pace_v1
2026-02-shanghai|FP1|bortoleto,2026,2,2026-02-shanghai,2026-02-shanghai|FP1,FP1,bortoleto,audi,96.83416666666666,94.828,110.71128571428572,-3.341076923076923,2.424666666666667,16.0,0.5366666666666617,320.0,,,False,race_week_session_pace_v1
2026-02-shanghai|Q|alonso,2026,2,2026-02-shanghai,2026-02-shanghai|Q,Q,alonso,aston_martin,106.967,95.203,,,13.970499999999989,19.0,-1.7974166666666775,307.0,,,False,race_week_session_pace_v1
2026-02-shanghai|Q|bearman,2026,2,2026-02-shanghai,2026-02-shanghai|Q,Q,bearman,haas,93.782,93.197,108.891,13.134499999999996,0.7854999999999848,8.0,-2.0787499999999994,314.0,,,False,race_week_session_pace_v1
2026-02-shanghai|Q|bortoleto,2026,2,2026-02-shanghai,2026-02-shanghai|Q,Q,bortoleto,audi,102.60633333333332,93.549,123.416,,9.609833333333311,15.0,0.8944999999999936,322.0,,,False,race_week_session_pace_v1
2026-02-shanghai|R|alonso,2026,2,2026-02-shanghai,2026-02-shanghai|R,R,alonso,aston_martin,99.76683333333334,99.721,105.94400000000002,0.1871153846153844,4.395666666666671,17.0,-0.6810833333333335,325.0,,,False,race_week_session_pace_v1
2026-02-shanghai|R|bearman,2026,2,2026-02-shanghai,2026-02-shanghai|R,R,bearman,haas,96.688,96.429,98.09808333333336,-0.0654255319148936,1.316833333333335,9.0,0.1564166666666722,343.0,,,False,race_week_session_pace_v1
2026-02-shanghai|S|alonso,2026,2,2026-02-shanghai,2026-02-shanghai|S,S,alonso,aston_martin,99.23733333333332,98.487,108.4982,-0.0873571428571427,3.206500000000005,19.0,-0.0389166666666653,320.0,,,False,race_week_session_pace_v1
2026-02-shanghai|S|bearman,2026,2,2026-02-shanghai,2026-02-shanghai|S,S,bearman,haas,98.3975,97.374,106.98711111111112,-0.1064705882352942,2.3666666666666742,10.0,-0.0879166666666719,329.0,,,False,race_week_session_pace_v1
2026-02-shanghai|S|bortoleto,2026,2,2026-02-shanghai,2026-02-shanghai|S,S,bortoleto,audi,98.53533333333333,97.8,107.0162777777778,-0.0270588235294122,2.5045000000000077,12.0,-0.0375833333333304,343.0,,,False,race_week_session_pace_v1
2026-02-shanghai|SQ|alonso,2026,2,2026-02-shanghai,2026-02-shanghai|SQ,SQ,alonso,aston_martin,107.56425,95.581,119.854,,14.589916666666667,17.0,-2.897624999999991,306.0,,,False,race_week_session_pace_v1
2026-02-shanghai|SQ|bearman,2026,2,2026-02-shanghai,2026-02-shanghai|SQ,SQ,bearman,haas,96.11983333333332,93.409,109.5584285714286,1.6064999999999994,3.145499999999984,6.0,-1.994083333333336,317.0,,,False,race_week_session_pace_v1
2026-02-shanghai|SQ|bortoleto,2026,2,2026-02-shanghai,2026-02-shanghai|SQ,SQ,bortoleto,audi,97.077,93.774,110.5125,6.246800000000002,4.102666666666664,9.0,0.7990000000000066,321.0,,,False,race_week_session_pace_v1
2026-03-suzuka|FP1|bearman,2026,3,2026-03-suzuka,2026-03-suzuka|FP1,FP1,bearman,haas,94.21116666666668,92.9,107.2185,-0.1018666666666661,1.9579999999999984,16.0,0.1669166666666797,328.0,,,False,race_week_session_pace_v1
2026-03-suzuka|FP1|bortoleto,2026,3,2026-03-suzuka,2026-03-suzuka|FP1,FP1,bortoleto,audi,93.68649999999998,92.759,103.8727222222222,1.4554117647058826,1.4333333333333087,8.0,-0.1008333333333411,325.0,,,False,race_week_session_pace_v1
2026-03-suzuka|FP2|alonso,2026,3,2026-03-suzuka,2026-03-suzuka|FP2,FP2,alonso,aston_martin,94.96816666666666,93.596,107.8829230769231,-1.8290000000000008,3.772166666666649,18.0,0.0276666666666756,333.0,,,False,race_week_session_pace_v1
2026-03-suzuka|FP2|bearman,2026,3,2026-03-suzuka,2026-03-suzuka|FP2,FP2,bearman,haas,93.37716666666664,91.498,103.94088888888888,-0.2583529411764703,2.181166666666641,11.0,0.2270000000000038,324.0,,,False,race_week_session_pace_v1
2026-03-suzuka|FP2|bortoleto,2026,3,2026-03-suzuka,2026-03-suzuka|FP2,FP2,bortoleto,audi,112.01316666666666,91.933,124.58775,4.967999999999999,20.81716666666665,21.0,9.730249999999998,326.0,,,False,race_week_session_pace_v1
2026-03-suzuka|FP3|alonso,2026,3,2026-03-suzuka,2026-03-suzuka|FP3,FP3,alonso,aston_martin,99.37266666666666,93.529,117.59940000000002,3.2207500000000024,8.72366666666666,22.0,2.6558333333333337,328.0,,,False,race_week_session_pace_v1
2026-03-suzuka|FP3|bearman,2026,3,2026-03-suzuka,2026-03-suzuka|FP3,FP3,bearman,haas,92.13733333333332,91.558,100.24766666666667,3.9114,1.4883333333333295,8.0,-0.0479166666666657,327.0,,,False,race_week_session_pace_v1
2026-03-suzuka|FP3|bortoleto,2026,3,2026-03-suzuka,2026-03-suzuka|FP3,FP3,bortoleto,audi,91.39883333333331,91.0,117.72541666666667,2.5928181818181817,0.7498333333333136,4.0,0.057083333333324,332.0,,,False,race_week_session_pace_v1
2026-03-suzuka|Q|alonso,2026,3,2026-03-suzuka,2026-03-suzuka|Q,Q,alonso,aston_martin,102.949,92.646,,,13.314333333333336,19.0,-0.2504166666666663,329.0,,,False,race_week_session_pace_v1
2026-03-suzuka|Q|bearman,2026,3,2026-03-suzuka,2026-03-suzuka|Q,Q,bearman,haas,105.89233333333334,91.09,101.099,19.355999999999995,16.25766666666668,22.0,5.878166666666658,326.0,,,False,race_week_session_pace_v1
2026-03-suzuka|Q|bortoleto,2026,3,2026-03-suzuka,2026-03-suzuka|Q,Q,bortoleto,audi,90.35266666666664,89.99,105.70966666666664,0.6184999999999974,0.7179999999999893,7.0,-1.3338333333333452,334.0,,,False,race_week_session_pace_v1
2026-03-suzuka|R|alonso,2026,3,2026-03-suzuka,2026-03-suzuka|R,R,alonso,aston_martin,96.68083333333334,96.221,98.32426190476193,0.0103658536585365,4.059333333333356,20.0,-0.5639166666666711,329.0,,,False,race_week_session_pace_v1
2026-03-suzuka|R|bearman,2026,3,2026-03-suzuka,2026-03-suzuka|R,R,bearman,haas,96.09166666666664,95.604,97.02233333333334,0.1763636363636374,3.470166666666671,19.0,0.852499999999992,341.0,,,False,race_week_session_pace_v1
2026-03-suzuka|R|bortoleto,2026,3,2026-03-suzuka,2026-03-suzuka|R,R,bortoleto,audi,94.44383333333332,94.164,97.30266666666668,-0.0338636363636362,1.8223333333333471,13.0,0.2531666666666723,338.0,,,False,race_week_session_pace_v1
2026-04-miami|FP1|alonso,2026,4,2026-04-miami,2026-04-miami|FP1,FP1,alonso,aston_martin,93.18716666666666,92.593,113.38282352941177,1.2491250000000005,3.138999999999996,18.0,-0.0769166666666762,305.0,31.211538461538467,53.55769230769231,False,race_week_session_pace_v1
2026-04-miami|FP1|bearman,2026,4,2026-04-miami,2026-04-miami|FP1,FP1,bearman,haas,91.97166666666664,91.091,106.44252631578948,2.652,1.92349999999999,10.0,-0.0142500000000183,325.0,30.866666666666664,52.1625,False,race_week_session_pace_v1
2026-04-miami|FP1|bortoleto,2026,4,2026-04-miami,2026-04-miami|FP1,FP1,bortoleto,audi,92.23416666666668,91.111,112.9398888888889,1.6778823529411755,2.186000000000007,15.0,-0.1333333333333399,328.0,30.960869565217397,53.252173913043485,False,race_week_session_pace_v1
2026-04-miami|Q|alonso,2026,4,2026-04-miami,2026-04-miami|Q,Q,alonso,aston_martin,101.625,91.098,,,13.028833333333338,19.0,0.4278000000000048,303.0,33.88,52.44,False,race_week_session_pace_v1
2026-04-miami|Q|bearman,2026,4,2026-04-miami,2026-04-miami|Q,Q,bearman,haas,98.63716666666666,89.34,,,10.040999999999997,17.0,2.321249999999992,326.0,33.9,52.4,False,race_week_session_pace_v1
2026-04-miami|Q|bortoleto,2026,4,2026-04-miami,2026-04-miami|Q,Q,bortoleto,audi,93.737,93.737,,,5.140833333333333,11.0,-1.506916666666669,281.0,33.9,52.0,False,race_week_session_pace_v1
2026-04-miami|R|alonso,2026,4,2026-04-miami,2026-04-miami|R,R,alonso,aston_martin,94.68766666666666,93.512,101.70208333333332,-0.1041702127659574,2.628166666666644,15.0,-0.0564166666666636,329.0,26.751785714285717,36.830357142857146,False,race_week_session_pace_v1
2026-04-miami|R|bearman,2026,4,2026-04-miami,2026-04-miami|R,R,bearman,haas,93.95,93.744,100.47616666666666,-0.027276595744681,1.8904999999999887,11.0,-0.047166666666655,332.0,26.73928571428572,36.90535714285714,False,race_week_session_pace_v1
2026-04-miami|R|bortoleto,2026,4,2026-04-miami,2026-04-miami|R,R,bortoleto,audi,93.6265,93.5,100.41210416666668,-0.0678936170212766,1.566999999999993,10.0,-8.904666666666671,319.0,26.748214285714287,36.86785714285715,False,race_week_session_pace_v1
2026-04-miami|S|alonso,2026,4,2026-04-miami,2026-04-miami|S,S,alonso,aston_martin,95.08433333333336,94.72,95.67326666666668,-0.1284999999999994,3.075666666666677,17.0,-0.0829166666666481,321.0,31.43333333333333,48.06666666666666,False,race_week_session_pace_v1
2026-04-miami|S|bearman,2026,4,2026-04-miami,2026-04-miami|S,S,bearman,haas,94.6655,94.524,95.03438888888888,-0.0197058823529408,2.6568333333333243,16.0,0.0176666666666704,319.0,31.43333333333333,48.06666666666666,False,race_week_session_pace_v1
2026-04-miami|S|bortoleto,2026,4,2026-04-miami,2026-04-miami|S,S,bortoleto,audi,94.3275,94.174,94.58538888888889,0.0013529411764711,2.3188333333333304,13.0,0.0,312.0,31.43333333333333,48.06666666666666,False,race_week_session_pace_v1
2026-04-miami|SQ|alonso,2026,4,2026-04-miami,2026-04-miami|SQ,SQ,alonso,aston_martin,111.4286,92.49,120.0915,-23.742999999999995,19.357100000000003,19.0,-6.983200000000011,308.0,30.66,52.54,False,race_week_session_pace_v1
2026-04-miami|SQ|bearman,2026,4,2026-04-miami,2026-04-miami|SQ,SQ,bearman,haas,110.14483333333334,90.116,124.593,,18.073333333333352,18.0,0.9012916666666796,325.0,30.683333333333334,52.91666666666666,False,race_week_session_pace_v1
2026-04-miami|SQ|bortoleto,2026,4,2026-04-miami,2026-04-miami|SQ,SQ,bortoleto,audi,101.60966666666668,89.994,108.6655,13.193333333333328,9.538166666666683,14.0,1.3768333333333374,322.0,30.688888888888886,53.21111111111112,False,race_week_session_pace_v1
2026-05-villeneuve|FP1|alonso,2026,5,2026-05-villeneuve,2026-05-villeneuve|FP1,FP1,alonso,aston_martin,76.6615,75.863,94.3086,2.5735714285714275,2.1968333333333305,10.0,-0.4751666666666665,304.0,16.46153846153846,39.25384615384615,False,race_week_session_pace_v1
2026-05-villeneuve|FP1|bearman,2026,5,2026-05-villeneuve,2026-05-villeneuve|FP1,FP1,bearman,haas,78.48583333333333,77.77,96.17733333333332,3.5629999999999997,4.021166666666659,18.0,0.5987499999999955,324.0,16.657142857142855,39.73809523809524,False,race_week_session_pace_v1
2026-05-villeneuve|FP1|bortoleto,2026,5,2026-05-villeneuve,2026-05-villeneuve|FP1,FP1,bortoleto,audi,76.86083333333335,76.214,92.19445,3.4248947368421048,2.396166666666673,11.0,-1.1435833333333107,331.0,16.576923076923077,39.50769230769231,False,race_week_session_pace_v1
2026-05-villeneuve|Q|alonso,2026,5,2026-05-villeneuve,2026-05-villeneuve|Q,Q,alonso,aston_martin,82.733,75.196,75.196,,9.667333333333332,19.0,-1.842999999999989,320.0,21.27777777777778,31.38888888888889,False,race_week_session_pace_v1
2026-05-villeneuve|Q|bearman,2026,5,2026-05-villeneuve,2026-05-villeneuve|Q,Q,bearman,haas,74.74300000000001,74.416,74.64750000000001,-0.3970000000000055,1.677333333333337,12.0,-2.779416666666662,323.0,21.21176470588236,31.105882352941173,False,race_week_session_pace_v1
2026-05-villeneuve|Q|bortoleto,2026,5,2026-05-villeneuve,2026-05-villeneuve|Q,Q,bortoleto,audi,74.78016666666666,74.071,75.98933333333333,-2.525500000000001,1.7144999999999868,13.0,-0.1736666666666764,329.0,21.22105263157895,31.00526315789474,False,race_week_session_pace_v1
2026-05-villeneuve|R|alonso,2026,5,2026-05-villeneuve,2026-05-villeneuve|R,R,alonso,aston_martin,79.81066666666668,79.635,81.40125,1.124866666666667,5.414500000000018,21.0,0.4275000000000091,336.0,12.51304347826087,17.152173913043477,False,race_week_session_pace_v1
2026-05-villeneuve|R|bearman,2026,5,2026-05-villeneuve,2026-05-villeneuve|R,R,bearman,haas,76.13616666666667,76.002,79.6348888888889,-0.3104193548387096,1.740000000000009,13.0,-0.2847500000000025,328.0,12.477611940298509,17.28955223880597,False,race_week_session_pace_v1
2026-05-villeneuve|R|bortoleto,2026,5,2026-05-villeneuve,2026-05-villeneuve|R,R,bortoleto,audi,76.36083333333333,76.221,79.62883928571429,-0.0358000000000001,1.9646666666666728,14.0,-0.0120000000000004,336.0,12.483333333333334,17.256060606060608,False,race_week_session_pace_v1
2026-05-villeneuve|S|alonso,2026,5,2026-05-villeneuve,2026-05-villeneuve|S,S,alonso,aston_martin,77.907,77.543,79.6505,1.3597692307692313,3.4184999999999945,22.0,0.2258333333333269,328.0,19.7,30.300000000000004,False,race_week_session_pace_v1
2026-05-villeneuve|S|bearman,2026,5,2026-05-villeneuve,2026-05-villeneuve|S,S,bearman,haas,76.62516666666666,76.21,79.07657142857144,-0.1089000000000005,2.136666666666656,17.0,-0.1612500000000096,346.0,19.780952380952375,30.76190476190476,False,race_week_session_pace_v1
2026-05-villeneuve|S|bortoleto,2026,5,2026-05-villeneuve,2026-05-villeneuve|S,S,bortoleto,audi,76.35266666666666,75.98,77.3125909090909,-0.1281428571428572,1.8641666666666623,12.0,-0.0789166666666574,344.0,19.79090909090909,30.79090909090909,False,race_week_session_pace_v1
2026-05-villeneuve|SQ|alonso,2026,5,2026-05-villeneuve,2026-05-villeneuve|SQ,SQ,alonso,aston_martin,91.0715,75.76,87.201,22.88199999999999,17.463166666666666,19.0,-0.3052500000000009,308.0,19.683333333333334,42.13333333333333,False,race_week_session_pace_v1
2026-05-villeneuve|SQ|bearman,2026,5,2026-05-villeneuve,2026-05-villeneuve|SQ,SQ,bearman,haas,79.41200000000002,75.197,89.39183333333334,-0.1349999999999994,5.803666666666686,15.0,0.7840833333333421,321.0,19.876923076923077,41.86153846153847,False,race_week_session_pace_v1
2026-05-villeneuve|SQ|bortoleto,2026,5,2026-05-villeneuve,2026-05-villeneuve|SQ,SQ,bortoleto,audi,78.57333333333332,74.627,84.481,-0.5870000000000033,4.964999999999989,14.0,0.1059999999999945,324.0,19.845454545454547,41.82727272727273,False,race_week_session_pace_v1
