id,season,round,race_id,driver_id,constructor_id,generated_at,model_version,predicted_score,projected_finish,winner_probability,podium_probability,top10_probability,confidence_score,rationale,source_label
2026-01|VER|fastf1_v1,2026,1,2026-01,VER,Red Bull Racing,2026-08-24T18:50:17.279238+00:00,fastf1_race_week_baseline_v1,0.38,1,7.197,79.04,98.0,0.6,teammate delta is positive; reliability signal is stable,fastf1_prediction_baseline_v1
2026-01|PER|fastf1_v1,2026,1,2026-01,PER,Cadillac,2026-08-24T18:50:17.279238+00:00,fastf1_race_week_baseline_v1,0.355851,2,6.004,66.847,98.0,0.6,teammate delta is positive; reliability signal is stable,fastf1_prediction_baseline_v1
2026-01|COL|fastf1_v1,2026,1,2026-01,COL,Alpine,2026-08-24T18:50:17.279238+00:00,fastf1_race_week_baseline_v1,0.346925,3,5.616,54.775,98.0,0.6,teammate delta is positive; reliability signal is stable,fastf1_prediction_baseline_v1
2026-01|SAI|fastf1_v1,2026,1,2026-01,SAI,Williams,2026-08-24T18:50:17.279238+00:00,fastf1_race_week_baseline_v1,0.34387,4,5.488,42.751,98.0,0.6,teammate delta is positive; reliability signal is stable,fastf1_prediction_baseline_v1
2026-01|STR|fastf1_v1,2026,1,2026-01,STR,Aston Martin,2026-08-24T18:50:17.279238+00:00,fastf1_race_week_baseline_v1,0.33859,5,5.275,30.709,98.0,0.6,teammate delta is positive; reliability signal is stable,fastf1_prediction_baseline_v1
2026-01|BEA|fastf1_v1,2026,1,2026-01,BEA,Haas F1 Team,2026-08-24T18:50:17.279238+00:00,fastf1_race_week_baseline_v1,0.337387,6,5.228,18.699,98.0,0.6,teammate delta is positive; reliability signal is stable,fastf1_prediction_baseline_v1
2026-01|LAW|fastf1_v1,2026,1,2026-01,LAW,Racing Bulls,2026-08-24T18:50:17.279238+00:00,fastf1_race_week_baseline_v1,0.335735,7,5.164,6.686,98.0,0.6,teammate delta is positive; reliability signal is stable,fastf1_prediction_baseline_v1
2026-01|HAM|fastf1_v1,2026,1,2026-01,HAM,Ferrari,2026-08-24T18:50:17.279238+00:00,fastf1_race_week_baseline_v1,0.334466,8,5.115,4.0,98.0,0.6,teammate delta is positive; reliability signal is stable,fastf1_prediction_baseline_v1
2026-01|ANT|fastf1_v1,2026,1,2026-01,ANT,Mercedes,2026-08-24T18:50:17.279238+00:00,fastf1_race_week_baseline_v1,0.332709,9,5.048,4.0,98.0,0.6,teammate delta is positive; reliability signal is stable,fastf1_prediction_baseline_v1
2026-01|BOR|fastf1_v1,2026,1,2026-01,BOR,Audi,2026-08-24T18:50:17.279238+00:00,fastf1_race_week_baseline_v1,0.33,10,4.946,4.0,98.0,0.6,reliability signal is stable,fastf1_prediction_baseline_v1
2026-01|NOR|fastf1_v1,2026,1,2026-01,NOR,McLaren,2026-08-24T18:50:17.279238+00:00,fastf1_race_week_baseline_v1,0.33,11,4.946,4.0,92.0,0.6,reliability signal is stable,fastf1_prediction_baseline_v1
2026-01|RUS|fastf1_v1,2026,1,2026-01,RUS,Mercedes,2026-08-24T18:50:17.279238+00:00,fastf1_race_week_baseline_v1,0.327291,12,4.847,4.0,86.0,0.6,reliability signal is stable,fastf1_prediction_baseline_v1
2026-01|LEC|fastf1_v1,2026,1,2026-01,LEC,Ferrari,2026-08-24T18:50:17.279238+00:00,fastf1_race_week_baseline_v1,0.325534,13,4.783,4.0,80.0,0.6,reliability signal is stable,fastf1_prediction_baseline_v1
2026-01|LIN|fastf1_v1,2026,1,2026-01,LIN,Racing Bulls,2026-08-24T18:50:17.279238+00:00,fastf1_race_week_baseline_v1,0.324265,14,4.738,4.0,74.0,0.6,reliability signal is stable,fastf1_prediction_baseline_v1
2026-01|OCO|fastf1_v1,2026,1,2026-01,OCO,Haas F1 Team,2026-08-24T18:50:17.279238+00:00,fastf1_race_week_baseline_v1,0.322613,15,4.68,4.0,68.0,0.6,reliability signal is stable,fastf1_prediction_baseline_v1
2026-01|ALO|fastf1_v1,2026,1,2026-01,ALO,Aston Martin,2026-08-24T18:50:17.279238+00:00,fastf1_race_week_baseline_v1,0.32141,16,4.638,4.0,62.0,0.6,reliability signal is stable,fastf1_prediction_baseline_v1
2026-01|ALB|fastf1_v1,2026,1,2026-01,ALB,Williams,2026-08-24T18:50:17.279238+00:00,fastf1_race_week_baseline_v1,0.31613,17,4.458,4.0,56.0,0.6,reliability signal is stable,fastf1_prediction_baseline_v1
2026-01|GAS|fastf1_v1,2026,1,2026-01,GAS,Alpine,2026-08-24T18:50:17.279238+00:00,fastf1_race_week_baseline_v1,0.313075,18,4.357,4.0,50.0,0.6,reliability signal is stable,fastf1_prediction_baseline_v1
2026-01|BOT|fastf1_v1,2026,1,2026-01,BOT,Cadillac,2026-08-24T18:50:17.279238+00:00,fastf1_race_week_baseline_v1,0.304149,19,4.074,4.0,44.0,0.6,reliability signal is stable,fastf1_prediction_baseline_v1
2026-01|HAD|fastf1_v1,2026,1,2026-01,HAD,Red Bull Racing,2026-08-24T18:50:17.279238+00:00,fastf1_race_week_baseline_v1,0.28,20,3.399,4.0,38.0,0.6,reliability signal is stable,fastf1_prediction_baseline_v1
2026-02|ALO|fastf1_v1,2026,2,2026-02,ALO,Aston Martin,2026-08-24T18:50:17.279238+00:00,fastf1_race_week_baseline_v1,0.38,1,7.974,79.04,98.0,0.6,teammate delta is positive; reliability signal is stable,fastf1_prediction_baseline_v1
2026-02|LIN|fastf1_v1,2026,2,2026-02,LIN,Racing Bulls,2026-08-24T18:50:17.279238+00:00,fastf1_race_week_baseline_v1,0.367758,2,7.274,66.942,98.0,0.6,teammate delta is positive; reliability signal is stable,fastf1_prediction_baseline_v1
2026-02|VER|fastf1_v1,2026,2,2026-02,VER,Red Bull Racing,2026-08-24T18:50:17.279238+00:00,fastf1_race_week_baseline_v1,0.342596,3,6.023,54.741,98.0,0.6,teammate delta is positive; reliability signal is stable,fastf1_prediction_baseline_v1
2026-02|OCO|fastf1_v1,2026,2,2026-02,OCO,Haas F1 Team,2026-08-24T18:50:17.279238+00:00,fastf1_race_week_baseline_v1,0.341483,4,5.973,42.732,98.0,0.6,teammate delta is positive; reliability signal is stable,fastf1_prediction_baseline_v1
2026-02|GAS|fastf1_v1,2026,2,2026-02,GAS,Alpine,2026-08-24T18:50:17.279238+00:00,fastf1_race_week_baseline_v1,0.340957,5,5.95,30.728,98.0,0.6,teammate delta is positive; reliability signal is stable,fastf1_prediction_baseline_v1
2026-02|ANT|fastf1_v1,2026,2,2026-02,ANT,Mercedes,2026-08-24T18:50:17.279238+00:00,fastf1_race_week_baseline_v1,0.334913,6,5.686,18.679,98.0,0.6,teammate delta is positive; reliability signal is stable,fastf1_prediction_baseline_v1
2026-02|HAM|fastf1_v1,2026,2,2026-02,HAM,Ferrari,2026-08-24T18:50:17.279238+00:00,fastf1_race_week_baseline_v1,0.331089,7,5.525,6.649,98.0,0.6,teammate delta is positive; reliability signal is stable,fastf1_prediction_baseline_v1
2026-02|PER|fastf1_v1,2026,2,2026-02,PER,Cadillac,2026-08-24T18:50:17.279238+00:00,fastf1_race_week_baseline_v1,0.330043,8,5.482,4.0,98.0,0.6,teammate delta is positive; reliability signal is stable,fastf1_prediction_baseline_v1
2026-02|HUL|fastf1_v1,2026,2,2026-02,HUL,Audi,2026-08-24T18:50:17.279238+00:00,fastf1_race_week_baseline_v1,0.33,9,5.48,4.0,98.0,0.6,reliability signal is stable,fastf1_prediction_baseline_v1
2026-02|SAI|fastf1_v1,2026,2,2026-02,SAI,Williams,2026-08-24T18:50:17.279238+00:00,fastf1_race_week_baseline_v1,0.33,10,5.48,4.0,98.0,0.6,reliability signal is stable,fastf1_prediction_baseline_v1
2026-02|BOT|fastf1_v1,2026,2,2026-02,BOT,Cadillac,2026-08-24T18:50:17.279238+00:00,fastf1_race_week_baseline_v1,0.329957,11,5.478,4.0,92.0,0.6,reliability signal is stable,fastf1_prediction_baseline_v1
2026-02|LEC|fastf1_v1,2026,2,2026-02,LEC,Ferrari,2026-08-24T18:50:17.279238+00:00,fastf1_race_week_baseline_v1,0.328911,12,5.436,4.0,86.0,0.6,reliability signal is stable,fastf1_prediction_baseline_v1
2026-02|RUS|fastf1_v1,2026,2,2026-02,RUS,Mercedes,2026-08-24T18:50:17.279238+00:00,fastf1_race_week_baseline_v1,0.325087,13,5.282,4.0,80.0,0.6,reliability signal is stable,fastf1_prediction_baseline_v1
2026-02|COL|fastf1_v1,2026,2,2026-02,COL,Alpine,2026-08-24T18:50:17.279238+00:00,fastf1_race_week_baseline_v1,0.319043,14,5.048,4.0,74.0,0.6,reliability signal is stable,fastf1_prediction_baseline_v1
2026-02|BEA|fastf1_v1,2026,2,2026-02,BEA,Haas F1 Team,2026-08-24T18:50:17.279238+00:00,fastf1_race_week_baseline_v1,0.318517,15,5.028,4.0,68.0,0.6,reliability signal is stable,fastf1_prediction_baseline_v1
2026-02|HAD|fastf1_v1,2026,2,2026-02,HAD,Red Bull Racing,2026-08-24T18:50:17.279238+00:00,fastf1_race_week_baseline_v1,0.317404,16,4.986,4.0,62.0,0.6,reliability signal is stable,fastf1_prediction_baseline_v1
2026-02|LAW|fastf1_v1,2026,2,2026-02,LAW,Racing Bulls,2026-08-24T18:50:17.279238+00:00,fastf1_race_week_baseline_v1,0.292242,17,4.129,4.0,56.0,0.6,reliability signal is stable,fastf1_prediction_baseline_v1
2026-02|STR|fastf1_v1,2026,2,2026-02,STR,Aston Martin,2026-08-24T18:50:17.279238+00:00,fastf1_race_week_baseline_v1,0.28,18,3.766,4.0,50.0,0.6,reliability signal is stable,fastf1_prediction_baseline_v1
2026-03|OCO|fastf1_v1,2026,3,2026-03,OCO,Haas F1 Team,2026-08-24T18:50:17.279238+00:00,fastf1_race_week_baseline_v1,0.38,1,6.521,79.04,98.0,0.6,teammate delta is positive; reliability signal is stable,fastf1_prediction_baseline_v1
2026-03|ALO|fastf1_v1,2026,3,2026-03,ALO,Aston Martin,2026-08-24T18:50:17.279238+00:00,fastf1_race_week_baseline_v1,0.363074,2,5.744,66.905,98.0,0.6,teammate delta is positive; reliability signal is stable,fastf1_prediction_baseline_v1
2026-03|GAS|fastf1_v1,2026,3,2026-03,GAS,Alpine,2026-08-24T18:50:17.279238+00:00,fastf1_race_week_baseline_v1,0.35763,3,5.514,54.861,98.0,0.6,teammate delta is positive; reliability signal is stable,fastf1_prediction_baseline_v1
2026-03|PER|fastf1_v1,2026,3,2026-03,PER,Cadillac,2026-08-24T18:50:17.279238+00:00,fastf1_race_week_baseline_v1,0.352913,4,5.322,42.823,98.0,0.6,teammate delta is positive; reliability signal is stable,fastf1_prediction_baseline_v1
2026-03|HUL|fastf1_v1,2026,3,2026-03,HUL,Audi,2026-08-24T18:50:17.279238+00:00,fastf1_race_week_baseline_v1,0.344848,5,5.01,30.759,98.0,0.6,teammate delta is positive; reliability signal is stable,fastf1_prediction_baseline_v1
2026-03|VER|fastf1_v1,2026,3,2026-03,VER,Red Bull Racing,2026-08-24T18:50:17.279238+00:00,fastf1_race_week_baseline_v1,0.342028,6,4.905,18.736,98.0,0.6,teammate delta is positive; reliability signal is stable,fastf1_prediction_baseline_v1
2026-03|ANT|fastf1_v1,2026,3,2026-03,ANT,Mercedes,2026-08-24T18:50:17.279238+00:00,fastf1_race_week_baseline_v1,0.340127,7,4.836,6.721,98.0,0.6,teammate delta is positive; reliability signal is stable,fastf1_prediction_baseline_v1
2026-03|LEC|fastf1_v1,2026,3,2026-03,LEC,Ferrari,2026-08-24T18:50:17.279238+00:00,fastf1_race_week_baseline_v1,0.339775,8,4.823,4.0,98.0,0.6,teammate delta is positive; reliability signal is stable,fastf1_prediction_baseline_v1
2026-03|PIA|fastf1_v1,2026,3,2026-03,PIA,McLaren,2026-08-24T18:50:17.279238+00:00,fastf1_race_week_baseline_v1,0.334971,9,4.652,4.0,98.0,0.6,teammate delta is positive; reliability signal is stable,fastf1_prediction_baseline_v1
2026-03|LAW|fastf1_v1,2026,3,2026-03,LAW,Racing Bulls,2026-08-24T18:50:17.279238+00:00,fastf1_race_week_baseline_v1,0.334902,10,4.65,4.0,98.0,0.6,teammate delta is positive; reliability signal is stable,fastf1_prediction_baseline_v1
2026-03|SAI|fastf1_v1,2026,3,2026-03,SAI,Williams,2026-08-24T18:50:17.279238+00:00,fastf1_race_week_baseline_v1,0.330567,11,4.501,4.0,92.0,0.6,teammate delta is positive; reliability signal is stable,fastf1_prediction_baseline_v1
2026-03|ALB|fastf1_v1,2026,3,2026-03,ALB,Williams,2026-08-24T18:50:17.279238+00:00,fastf1_race_week_baseline_v1,0.329433,12,4.463,4.0,86.0,0.6,reliability signal is stable,fastf1_prediction_baseline_v1
2026-03|LIN|fastf1_v1,2026,3,2026-03,LIN,Racing Bulls,2026-08-24T18:50:17.279238+00:00,fastf1_race_week_baseline_v1,0.325098,13,4.32,4.0,80.0,0.6,reliability signal is stable,fastf1_prediction_baseline_v1
2026-03|NOR|fastf1_v1,2026,3,2026-03,NOR,McLaren,2026-08-24T18:50:17.279238+00:00,fastf1_race_week_baseline_v1,0.325029,14,4.318,4.0,74.0,0.6,reliability signal is stable,fastf1_prediction_baseline_v1
2026-03|HAM|fastf1_v1,2026,3,2026-03,HAM,Ferrari,2026-08-24T18:50:17.279238+00:00,fastf1_race_week_baseline_v1,0.320225,15,4.165,4.0,68.0,0.6,reliability signal is stable,fastf1_prediction_baseline_v1
2026-03|RUS|fastf1_v1,2026,3,2026-03,RUS,Mercedes,2026-08-24T18:50:17.279238+00:00,fastf1_race_week_baseline_v1,0.319873,16,4.154,4.0,62.0,0.6,reliability signal is stable,fastf1_prediction_baseline_v1
2026-03|HAD|fastf1_v1,2026,3,2026-03,HAD,Red Bull Racing,2026-08-24T18:50:17.279238+00:00,fastf1_race_week_baseline_v1,0.317972,17,4.095,4.0,56.0,0.6,reliability signal is stable,fastf1_prediction_baseline_v1
2026-03|BOR|fastf1_v1,2026,3,2026-03,BOR,Audi,2026-08-24T18:50:17.279238+00:00,fastf1_race_week_baseline_v1,0.315152,18,4.01,4.0,50.0,0.6,reliability signal is stable,fastf1_prediction_baseline_v1
2026-03|BOT|fastf1_v1,2026,3,2026-03,BOT,Cadillac,2026-08-24T18:50:17.279238+00:00,fastf1_race_week_baseline_v1,0.307087,19,3.774,4.0,44.0,0.6,reliability signal is stable,fastf1_prediction_baseline_v1
2026-03|COL|fastf1_v1,2026,3,2026-03,COL,Alpine,2026-08-24T18:50:17.279238+00:00,fastf1_race_week_baseline_v1,0.30237,20,3.643,4.0,38.0,0.6,reliability signal is stable,fastf1_prediction_baseline_v1
2026-03|STR|fastf1_v1,2026,3,2026-03,STR,Aston Martin,2026-08-24T18:50:17.279238+00:00,fastf1_race_week_baseline_v1,0.296926,21,3.497,4.0,32.0,0.6,reliability signal is stable,fastf1_prediction_baseline_v1
2026-03|BEA|fastf1_v1,2026,3,2026-03,BEA,Haas F1 Team,2026-08-24T18:50:17.279238+00:00,fastf1_race_week_baseline_v1,0.28,22,3.08,4.0,26.0,0.6,reliability signal is stable,fastf1_prediction_baseline_v1
2026-04|BOR|fastf1_v1,2026,4,2026-04,BOR,Audi,2026-08-24T18:50:17.279238+00:00,fastf1_race_week_baseline_v1,0.38,1,6.555,79.04,98.0,0.6,teammate delta is positive; reliability signal is stable,fastf1_prediction_baseline_v1
2026-04|LIN|fastf1_v1,2026,4,2026-04,LIN,Racing Bulls,2026-08-24T18:50:17.279238+00:00,fastf1_race_week_baseline_v1,0.353126,2,5.358,66.825,98.0,0.6,teammate delta is positive; reliability signal is stable,fastf1_prediction_baseline_v1
2026-04|VER|fastf1_v1,2026,4,2026-04,VER,Red Bull Racing,2026-08-24T18:50:17.279238+00:00,fastf1_race_week_baseline_v1,0.34615,3,5.085,54.769,98.0,0.6,teammate delta is positive; reliability signal is stable,fastf1_prediction_baseline_v1
2026-04|COL|fastf1_v1,2026,4,2026-04,COL,Alpine,2026-08-24T18:50:17.279238+00:00,fastf1_race_week_baseline_v1,0.342776,4,4.958,42.742,98.0,0.6,teammate delta is positive; reliability signal is stable,fastf1_prediction_baseline_v1
2026-04|PER|fastf1_v1,2026,4,2026-04,PER,Cadillac,2026-08-24T18:50:17.279238+00:00,fastf1_race_week_baseline_v1,0.333155,5,4.613,30.665,98.0,0.6,teammate delta is positive; reliability signal is stable,fastf1_prediction_baseline_v1
2026-04|ANT|fastf1_v1,2026,4,2026-04,ANT,Mercedes,2026-08-24T18:50:17.279238+00:00,fastf1_race_week_baseline_v1,0.331784,6,4.566,18.654,98.0,0.6,teammate delta is positive; reliability signal is stable,fastf1_prediction_baseline_v1
2026-04|SAI|fastf1_v1,2026,4,2026-04,SAI,Williams,2026-08-24T18:50:17.279238+00:00,fastf1_race_week_baseline_v1,0.33122,7,4.546,6.65,98.0,0.6,teammate delta is positive; reliability signal is stable,fastf1_prediction_baseline_v1
2026-04|LEC|fastf1_v1,2026,4,2026-04,LEC,Ferrari,2026-08-24T18:50:17.279238+00:00,fastf1_race_week_baseline_v1,0.330731,8,4.53,4.0,98.0,0.6,teammate delta is positive; reliability signal is stable,fastf1_prediction_baseline_v1
2026-04|NOR|fastf1_v1,2026,4,2026-04,NOR,McLaren,2026-08-24T18:50:17.279238+00:00,fastf1_race_week_baseline_v1,0.330426,9,4.519,4.0,98.0,0.6,teammate delta is positive; reliability signal is stable,fastf1_prediction_baseline_v1
2026-04|ALO|fastf1_v1,2026,4,2026-04,ALO,Aston Martin,2026-08-24T18:50:17.279238+00:00,fastf1_race_week_baseline_v1,0.330317,10,4.516,4.0,98.0,0.6,teammate delta is positive; reliability signal is stable,fastf1_prediction_baseline_v1
2026-04|BEA|fastf1_v1,2026,4,2026-04,BEA,Haas F1 Team,2026-08-24T18:50:17.279238+00:00,fastf1_race_week_baseline_v1,0.330265,11,4.514,4.0,92.0,0.6,teammate delta is positive; reliability signal is stable,fastf1_prediction_baseline_v1
2026-04|OCO|fastf1_v1,2026,4,2026-04,OCO,Haas F1 Team,2026-08-24T18:50:17.279238+00:00,fastf1_race_week_baseline_v1,0.329735,12,4.496,4.0,86.0,0.6,reliability signal is stable,fastf1_prediction_baseline_v1
2026-04|STR|fastf1_v1,2026,4,2026-04,STR,Aston Martin,2026-08-24T18:50:17.279238+00:00,fastf1_race_week_baseline_v1,0.329683,13,4.494,4.0,80.0,0.6,reliability signal is stable,fastf1_prediction_baseline_v1
2026-04|PIA|fastf1_v1,2026,4,2026-04,PIA,McLaren,2026-08-24T18:50:17.279238+00:00,fastf1_race_week_baseline_v1,0.329574,14,4.491,4.0,74.0,0.6,reliability signal is stable,fastf1_prediction_baseline_v1
2026-04|HAM|fastf1_v1,2026,4,2026-04,HAM,Ferrari,2026-08-24T18:50:17.279238+00:00,fastf1_race_week_baseline_v1,0.329269,15,4.48,4.0,68.0,0.6,reliability signal is stable,fastf1_prediction_baseline_v1
2026-04|ALB|fastf1_v1,2026,4,2026-04,ALB,Williams,2026-08-24T18:50:17.279238+00:00,fastf1_race_week_baseline_v1,0.32878,16,4.464,4.0,62.0,0.6,reliability signal is stable,fastf1_prediction_baseline_v1
2026-04|RUS|fastf1_v1,2026,4,2026-04,RUS,Mercedes,2026-08-24T18:50:17.279238+00:00,fastf1_race_week_baseline_v1,0.328216,17,4.445,4.0,56.0,0.6,reliability signal is stable,fastf1_prediction_baseline_v1
2026-04|BOT|fastf1_v1,2026,4,2026-04,BOT,Cadillac,2026-08-24T18:50:17.279238+00:00,fastf1_race_week_baseline_v1,0.326845,18,4.4,4.0,50.0,0.6,reliability signal is stable,fastf1_prediction_baseline_v1
2026-04|GAS|fastf1_v1,2026,4,2026-04,GAS,Alpine,2026-08-24T18:50:17.279238+00:00,fastf1_race_week_baseline_v1,0.317224,19,4.093,4.0,44.0,0.6,reliability signal is stable,fastf1_prediction_baseline_v1
2026-04|HAD|fastf1_v1,2026,4,2026-04,HAD,Red Bull Racing,2026-08-24T18:50:17.279238+00:00,fastf1_race_week_baseline_v1,0.31385,20,3.991,4.0,38.0,0.6,reliability signal is stable,fastf1_prediction_baseline_v1
2026-04|LAW|fastf1_v1,2026,4,2026-04,LAW,Racing Bulls,2026-08-24T18:50:17.279238+00:00,fastf1_race_week_baseline_v1,0.306874,21,3.788,4.0,32.0,0.6,reliability signal is stable,fastf1_prediction_baseline_v1
2026-04|HUL|fastf1_v1,2026,4,2026-04,HUL,Audi,2026-08-24T18:50:17.279238+00:00,fastf1_race_week_baseline_v1,0.28,22,3.096,4.0,26.0,0.6,reliability signal is stable,fastf1_prediction_baseline_v1
2026-05|SAI|fastf1_v1,2026,5,2026-05,SAI,Williams,2026-08-24T18:50:17.279238+00:00,fastf1_race_week_baseline_v1,0.38,1,6.847,79.04,98.0,0.6,teammate delta is positive; reliability signal is stable,fastf1_prediction_baseline_v1
2026-05|ANT|fastf1_v1,2026,5,2026-05,ANT,Mercedes,2026-08-24T18:50:17.279238+00:00,fastf1_race_week_baseline_v1,0.357629,2,5.79,66.861,98.0,0.6,teammate delta is positive; reliability signal is stable,fastf1_prediction_baseline_v1
2026-05|STR|fastf1_v1,2026,5,2026-05,STR,Aston Martin,2026-08-24T18:50:17.279238+00:00,fastf1_race_week_baseline_v1,0.35007,3,5.471,54.801,98.0,0.6,teammate delta is positive; reliability signal is stable,fastf1_prediction_baseline_v1
2026-05|HAM|fastf1_v1,2026,5,2026-05,HAM,Ferrari,2026-08-24T18:50:17.279238+00:00,fastf1_race_week_baseline_v1,0.345681,4,5.294,42.765,98.0,0.6,teammate delta is positive; reliability signal is stable,fastf1_prediction_baseline_v1
2026-05|PER|fastf1_v1,2026,5,2026-05,PER,Cadillac,2026-08-24T18:50:17.279238+00:00,fastf1_race_week_baseline_v1,0.343646,5,5.213,30.749,98.0,0.6,teammate delta is positive; reliability signal is stable,fastf1_prediction_baseline_v1
2026-05|BEA|fastf1_v1,2026,5,2026-05,BEA,Haas F1 Team,2026-08-24T18:50:17.279238+00:00,fastf1_race_week_baseline_v1,0.343369,6,5.203,18.747,98.0,0.6,teammate delta is positive; reliability signal is stable,fastf1_prediction_baseline_v1
2026-05|PIA|fastf1_v1,2026,5,2026-05,PIA,McLaren,2026-08-24T18:50:17.279238+00:00,fastf1_race_week_baseline_v1,0.338384,7,5.012,6.707,98.0,0.6,teammate delta is positive; reliability signal is stable,fastf1_prediction_baseline_v1
2026-05|VER|fastf1_v1,2026,5,2026-05,VER,Red Bull Racing,2026-08-24T18:50:17.279238+00:00,fastf1_race_week_baseline_v1,0.334769,8,4.878,4.0,98.0,0.6,teammate delta is positive; reliability signal is stable,fastf1_prediction_baseline_v1
2026-05|GAS|fastf1_v1,2026,5,2026-05,GAS,Alpine,2026-08-24T18:50:17.279238+00:00,fastf1_race_week_baseline_v1,0.333944,9,4.847,4.0,98.0,0.6,teammate delta is positive; reliability signal is stable,fastf1_prediction_baseline_v1
2026-05|BOR|fastf1_v1,2026,5,2026-05,BOR,Audi,2026-08-24T18:50:17.279238+00:00,fastf1_race_week_baseline_v1,0.330563,10,4.726,4.0,98.0,0.6,teammate delta is positive; reliability signal is stable,fastf1_prediction_baseline_v1
2026-05|LAW|fastf1_v1,2026,5,2026-05,LAW,Racing Bulls,2026-08-24T18:50:17.279238+00:00,fastf1_race_week_baseline_v1,0.33,11,4.706,4.0,92.0,0.6,reliability signal is stable,fastf1_prediction_baseline_v1
2026-05|HUL|fastf1_v1,2026,5,2026-05,HUL,Audi,2026-08-24T18:50:17.279238+00:00,fastf1_race_week_baseline_v1,0.329437,12,4.686,4.0,86.0,0.6,reliability signal is stable,fastf1_prediction_baseline_v1
2026-05|COL|fastf1_v1,2026,5,2026-05,COL,Alpine,2026-08-24T18:50:17.279238+00:00,fastf1_race_week_baseline_v1,0.326056,13,4.569,4.0,80.0,0.6,reliability signal is stable,fastf1_prediction_baseline_v1
2026-05|HAD|fastf1_v1,2026,5,2026-05,HAD,Red Bull Racing,2026-08-24T18:50:17.279238+00:00,fastf1_race_week_baseline_v1,0.325231,14,4.541,4.0,74.0,0.6,reliability signal is stable,fastf1_prediction_baseline_v1
2026-05|NOR|fastf1_v1,2026,5,2026-05,NOR,McLaren,2026-08-24T18:50:17.279238+00:00,fastf1_race_week_baseline_v1,0.321616,15,4.419,4.0,68.0,0.6,reliability signal is stable,fastf1_prediction_baseline_v1
2026-05|OCO|fastf1_v1,2026,5,2026-05,OCO,Haas F1 Team,2026-08-24T18:50:17.279238+00:00,fastf1_race_week_baseline_v1,0.316631,16,4.257,4.0,62.0,0.6,reliability signal is stable,fastf1_prediction_baseline_v1
2026-05|BOT|fastf1_v1,2026,5,2026-05,BOT,Cadillac,2026-08-24T18:50:17.279238+00:00,fastf1_race_week_baseline_v1,0.316354,17,4.248,4.0,56.0,0.6,reliability signal is stable,fastf1_prediction_baseline_v1
2026-05|LEC|fastf1_v1,2026,5,2026-05,LEC,Ferrari,2026-08-24T18:50:17.279238+00:00,fastf1_race_week_baseline_v1,0.314319,18,4.184,4.0,50.0,0.6,reliability signal is stable,fastf1_prediction_baseline_v1
2026-05|ALO|fastf1_v1,2026,5,2026-05,ALO,Aston Martin,2026-08-24T18:50:17.279238+00:00,fastf1_race_week_baseline_v1,0.30993,19,4.049,4.0,44.0,0.6,reliability signal is stable,fastf1_prediction_baseline_v1
2026-05|RUS|fastf1_v1,2026,5,2026-05,RUS,Mercedes,2026-08-24T18:50:17.279238+00:00,fastf1_race_week_baseline_v1,0.302371,20,3.825,4.0,38.0,0.6,reliability signal is stable,fastf1_prediction_baseline_v1
2026-05|ALB|fastf1_v1,2026,5,2026-05,ALB,Williams,2026-08-24T18:50:17.279238+00:00,fastf1_race_week_baseline_v1,0.28,21,3.235,4.0,32.0,0.6,reliability signal is stable,fastf1_prediction_baseline_v1
2026-06|PER|fastf1_v1,2026,6,2026-06,PER,Cadillac,2026-08-24T18:50:17.279238+00:00,fastf1_race_week_baseline_v1,0.38,1,6.829,79.04,98.0,0.6,teammate delta is positive; reliability signal is stable,fastf1_prediction_baseline_v1
2026-06|ANT|fastf1_v1,2026,6,2026-06,ANT,Mercedes,2026-08-24T18:50:17.279238+00:00,fastf1_race_week_baseline_v1,0.356551,2,5.728,66.852,98.0,0.6,teammate delta is positive; reliability signal is stable,fastf1_prediction_baseline_v1
2026-06|PIA|fastf1_v1,2026,6,2026-06,PIA,McLaren,2026-08-24T18:50:17.279238+00:00,fastf1_race_week_baseline_v1,0.355122,3,5.667,54.841,98.0,0.6,teammate delta is positive; reliability signal is stable,fastf1_prediction_baseline_v1
2026-06|OCO|fastf1_v1,2026,6,2026-06,OCO,Haas F1 Team,2026-08-24T18:50:17.279238+00:00,fastf1_race_week_baseline_v1,0.351391,4,5.511,42.811,98.0,0.6,teammate delta is positive; reliability signal is stable,fastf1_prediction_baseline_v1
2026-06|ALB|fastf1_v1,2026,6,2026-06,ALB,Williams,2026-08-24T18:50:17.279238+00:00,fastf1_race_week_baseline_v1,0.349223,5,5.422,30.794,98.0,0.6,teammate delta is positive; reliability signal is stable,fastf1_prediction_baseline_v1
2026-06|ALO|fastf1_v1,2026,6,2026-06,ALO,Aston Martin,2026-08-24T18:50:17.279238+00:00,fastf1_race_week_baseline_v1,0.346335,6,5.306,18.771,98.0,0.6,teammate delta is positive; reliability signal is stable,fastf1_prediction_baseline_v1
2026-06|HAM|fastf1_v1,2026,6,2026-06,HAM,Ferrari,2026-08-24T18:50:17.279238+00:00,fastf1_race_week_baseline_v1,0.344981,7,5.252,6.76,98.0,0.6,teammate delta is positive; reliability signal is stable,fastf1_prediction_baseline_v1
2026-06|GAS|fastf1_v1,2026,6,2026-06,GAS,Alpine,2026-08-24T18:50:17.279238+00:00,fastf1_race_week_baseline_v1,0.340815,8,5.09,4.0,98.0,0.6,teammate delta is positive; reliability signal is stable,fastf1_prediction_baseline_v1
2026-06|HUL|fastf1_v1,2026,6,2026-06,HUL,Audi,2026-08-24T18:50:17.279238+00:00,fastf1_race_week_baseline_v1,0.339613,9,5.045,4.0,98.0,0.6,teammate delta is positive; reliability signal is stable,fastf1_prediction_baseline_v1
2026-06|LAW|fastf1_v1,2026,6,2026-06,LAW,Racing Bulls,2026-08-24T18:50:17.279238+00:00,fastf1_race_week_baseline_v1,0.334321,10,4.848,4.0,98.0,0.6,teammate delta is positive; reliability signal is stable,fastf1_prediction_baseline_v1
2026-06|HAD|fastf1_v1,2026,6,2026-06,HAD,Red Bull Racing,2026-08-24T18:50:17.279238+00:00,fastf1_race_week_baseline_v1,0.33,11,4.694,4.0,92.0,0.6,reliability signal is stable,fastf1_prediction_baseline_v1
2026-06|LIN|fastf1_v1,2026,6,2026-06,LIN,Racing Bulls,2026-08-24T18:50:17.279238+00:00,fastf1_race_week_baseline_v1,0.325679,12,4.544,4.0,86.0,0.6,reliability signal is stable,fastf1_prediction_baseline_v1
2026-06|BOR|fastf1_v1,2026,6,2026-06,BOR,Audi,2026-08-24T18:50:17.279238+00:00,fastf1_race_week_baseline_v1,0.320387,13,4.367,4.0,80.0,0.6,reliability signal is stable,fastf1_prediction_baseline_v1
2026-06|COL|fastf1_v1,2026,6,2026-06,COL,Alpine,2026-08-24T18:50:17.279238+00:00,fastf1_race_week_baseline_v1,0.319185,14,4.328,4.0,74.0,0.6,reliability signal is stable,fastf1_prediction_baseline_v1
2026-06|LEC|fastf1_v1,2026,6,2026-06,LEC,Ferrari,2026-08-24T18:50:17.279238+00:00,fastf1_race_week_baseline_v1,0.315019,15,4.195,4.0,68.0,0.6,reliability signal is stable,fastf1_prediction_baseline_v1
2026-06|STR|fastf1_v1,2026,6,2026-06,STR,Aston Martin,2026-08-24T18:50:17.279238+00:00,fastf1_race_week_baseline_v1,0.313665,16,4.153,4.0,62.0,0.6,reliability signal is stable,fastf1_prediction_baseline_v1
2026-06|SAI|fastf1_v1,2026,6,2026-06,SAI,Williams,2026-08-24T18:50:17.279238+00:00,fastf1_race_week_baseline_v1,0.310777,17,4.064,4.0,56.0,0.6,reliability signal is stable,fastf1_prediction_baseline_v1
2026-06|BEA|fastf1_v1,2026,6,2026-06,BEA,Haas F1 Team,2026-08-24T18:50:17.279238+00:00,fastf1_race_week_baseline_v1,0.308609,18,3.998,4.0,50.0,0.6,reliability signal is stable,fastf1_prediction_baseline_v1
2026-06|NOR|fastf1_v1,2026,6,2026-06,NOR,McLaren,2026-08-24T18:50:17.279238+00:00,fastf1_race_week_baseline_v1,0.304878,19,3.888,4.0,44.0,0.6,reliability signal is stable,fastf1_prediction_baseline_v1
2026-06|RUS|fastf1_v1,2026,6,2026-06,RUS,Mercedes,2026-08-24T18:50:17.279238+00:00,fastf1_race_week_baseline_v1,0.303449,20,3.846,4.0,38.0,0.6,reliability signal is stable,fastf1_prediction_baseline_v1
2026-06|BOT|fastf1_v1,2026,6,2026-06,BOT,Cadillac,2026-08-24T18:50:17.279238+00:00,fastf1_race_week_baseline_v1,0.28,21,3.226,4.0,32.0,0.6,reliability signal is stable,fastf1_prediction_baseline_v1
2026-07|ALO|fastf1_v1,2026,7,2026-07,ALO,Aston Martin,2026-08-24T18:50:17.279238+00:00,fastf1_race_week_baseline_v1,0.38,1,6.541,79.04,98.0,0.6,teammate delta is positive; reliability signal is stable,fastf1_prediction_baseline_v1
2026-07|PER|fastf1_v1,2026,7,2026-07,PER,Cadillac,2026-08-24T18:50:17.279238+00:00,fastf1_race_week_baseline_v1,0.36307,2,5.761,66.905,98.0,0.6,teammate delta is positive; reliability signal is stable,fastf1_prediction_baseline_v1
2026-07|BOR|fastf1_v1,2026,7,2026-07,BOR,Audi,2026-08-24T18:50:17.279238+00:00,fastf1_race_week_baseline_v1,0.352032,3,5.304,54.816,98.0,0.6,teammate delta is positive; reliability signal is stable,fastf1_prediction_baseline_v1
2026-07|VER|fastf1_v1,2026,7,2026-07,VER,Red Bull Racing,2026-08-24T18:50:17.279238+00:00,fastf1_race_week_baseline_v1,0.33934,4,4.822,42.715,98.0,0.6,teammate delta is positive; reliability signal is stable,fastf1_prediction_baseline_v1
2026-07|GAS|fastf1_v1,2026,7,2026-07,GAS,Alpine,2026-08-24T18:50:17.279238+00:00,fastf1_race_week_baseline_v1,0.335737,5,4.694,30.686,98.0,0.6,teammate delta is positive; reliability signal is stable,fastf1_prediction_baseline_v1
2026-07|LIN|fastf1_v1,2026,7,2026-07,LIN,Racing Bulls,2026-08-24T18:50:17.279238+00:00,fastf1_race_week_baseline_v1,0.335408,6,4.682,18.683,98.0,0.6,teammate delta is positive; reliability signal is stable,fastf1_prediction_baseline_v1
2026-07|HAM|fastf1_v1,2026,7,2026-07,HAM,Ferrari,2026-08-24T18:50:17.279238+00:00,fastf1_race_week_baseline_v1,0.335216,7,4.675,6.682,98.0,0.6,teammate delta is positive; reliability signal is stable,fastf1_prediction_baseline_v1
2026-07|SAI|fastf1_v1,2026,7,2026-07,SAI,Williams,2026-08-24T18:50:17.279238+00:00,fastf1_race_week_baseline_v1,0.333657,8,4.621,4.0,98.0,0.6,teammate delta is positive; reliability signal is stable,fastf1_prediction_baseline_v1
2026-07|NOR|fastf1_v1,2026,7,2026-07,NOR,McLaren,2026-08-24T18:50:17.279238+00:00,fastf1_race_week_baseline_v1,0.332592,9,4.584,4.0,98.0,0.6,teammate delta is positive; reliability signal is stable,fastf1_prediction_baseline_v1
2026-07|BEA|fastf1_v1,2026,7,2026-07,BEA,Haas F1 Team,2026-08-24T18:50:17.279238+00:00,fastf1_race_week_baseline_v1,0.331643,10,4.552,4.0,98.0,0.6,teammate delta is positive; reliability signal is stable,fastf1_prediction_baseline_v1
2026-07|RUS|fastf1_v1,2026,7,2026-07,RUS,Mercedes,2026-08-24T18:50:17.279238+00:00,fastf1_race_week_baseline_v1,0.330838,11,4.524,4.0,92.0,0.6,teammate delta is positive; reliability signal is stable,fastf1_prediction_baseline_v1
2026-07|ANT|fastf1_v1,2026,7,2026-07,ANT,Mercedes,2026-08-24T18:50:17.279238+00:00,fastf1_race_week_baseline_v1,0.329162,12,4.468,4.0,86.0,0.6,reliability signal is stable,fastf1_prediction_baseline_v1
2026-07|OCO|fastf1_v1,2026,7,2026-07,OCO,Haas F1 Team,2026-08-24T18:50:17.279238+00:00,fastf1_race_week_baseline_v1,0.328357,13,4.441,4.0,80.0,0.6,reliability signal is stable,fastf1_prediction_baseline_v1
2026-07|PIA|fastf1_v1,2026,7,2026-07,PIA,McLaren,2026-08-24T18:50:17.279238+00:00,fastf1_race_week_baseline_v1,0.327408,14,4.409,4.0,74.0,0.6,reliability signal is stable,fastf1_prediction_baseline_v1
2026-07|ALB|fastf1_v1,2026,7,2026-07,ALB,Williams,2026-08-24T18:50:17.279238+00:00,fastf1_race_week_baseline_v1,0.326343,15,4.374,4.0,68.0,0.6,reliability signal is stable,fastf1_prediction_baseline_v1
2026-07|LEC|fastf1_v1,2026,7,2026-07,LEC,Ferrari,2026-08-24T18:50:17.279238+00:00,fastf1_race_week_baseline_v1,0.324784,16,4.323,4.0,62.0,0.6,reliability signal is stable,fastf1_prediction_baseline_v1
2026-07|LAW|fastf1_v1,2026,7,2026-07,LAW,Racing Bulls,2026-08-24T18:50:17.279238+00:00,fastf1_race_week_baseline_v1,0.324592,17,4.317,4.0,56.0,0.6,reliability signal is stable,fastf1_prediction_baseline_v1
2026-07|COL|fastf1_v1,2026,7,2026-07,COL,Alpine,2026-08-24T18:50:17.279238+00:00,fastf1_race_week_baseline_v1,0.324263,18,4.307,4.0,50.0,0.6,reliability signal is stable,fastf1_prediction_baseline_v1
2026-07|HAD|fastf1_v1,2026,7,2026-07,HAD,Red Bull Racing,2026-08-24T18:50:17.279238+00:00,fastf1_race_week_baseline_v1,0.32066,19,4.192,4.0,44.0,0.6,reliability signal is stable,fastf1_prediction_baseline_v1
2026-07|HUL|fastf1_v1,2026,7,2026-07,HUL,Audi,2026-08-24T18:50:17.279238+00:00,fastf1_race_week_baseline_v1,0.307968,20,3.811,4.0,38.0,0.6,reliability signal is stable,fastf1_prediction_baseline_v1
2026-07|BOT|fastf1_v1,2026,7,2026-07,BOT,Cadillac,2026-08-24T18:50:17.279238+00:00,fastf1_race_week_baseline_v1,0.29693,21,3.508,4.0,32.0,0.6,reliability signal is stable,fastf1_prediction_baseline_v1
2026-07|STR|fastf1_v1,2026,7,2026-07,STR,Aston Martin,2026-08-24T18:50:17.279238+00:00,fastf1_race_week_baseline_v1,0.28,22,3.09,4.0,26.0,0.6,reliability signal is stable,fastf1_prediction_baseline_v1
2026-08|PER|fastf1_v1,2026,8,2026-08,PER,Cadillac,2026-08-24T18:50:17.279238+00:00,fastf1_race_week_baseline_v1,0.38,1,6.569,79.04,98.0,0.6,teammate delta is positive; reliability signal is stable,fastf1_prediction_baseline_v1
2026-08|ALO|fastf1_v1,2026,8,2026-08,ALO,Aston Martin,2026-08-24T18:50:17.279238+00:00,fastf1_race_week_baseline_v1,0.336949,2,4.756,66.696,98.0,0.6,teammate delta is positive; reliability signal is stable,fastf1_prediction_baseline_v1
2026-08|ALB|fastf1_v1,2026,8,2026-08,ALB,Williams,2026-08-24T18:50:17.279238+00:00,fastf1_race_week_baseline_v1,0.335175,3,4.693,54.681,98.0,0.6,teammate delta is positive; reliability signal is stable,fastf1_prediction_baseline_v1
2026-08|BEA|fastf1_v1,2026,8,2026-08,BEA,Haas F1 Team,2026-08-24T18:50:17.279238+00:00,fastf1_race_week_baseline_v1,0.335073,4,4.69,42.681,98.0,0.6,teammate delta is positive; reliability signal is stable,fastf1_prediction_baseline_v1
2026-08|VER|fastf1_v1,2026,8,2026-08,VER,Red Bull Racing,2026-08-24T18:50:17.279238+00:00,fastf1_race_week_baseline_v1,0.334566,5,4.672,30.677,98.0,0.6,teammate delta is positive; reliability signal is stable,fastf1_prediction_baseline_v1
2026-08|GAS|fastf1_v1,2026,8,2026-08,GAS,Alpine,2026-08-24T18:50:17.279238+00:00,fastf1_race_week_baseline_v1,0.333512,6,4.635,18.668,98.0,0.6,teammate delta is positive; reliability signal is stable,fastf1_prediction_baseline_v1
2026-08|ANT|fastf1_v1,2026,8,2026-08,ANT,Mercedes,2026-08-24T18:50:17.279238+00:00,fastf1_race_week_baseline_v1,0.333303,7,4.628,6.666,98.0,0.6,teammate delta is positive; reliability signal is stable,fastf1_prediction_baseline_v1
2026-08|LEC|fastf1_v1,2026,8,2026-08,LEC,Ferrari,2026-08-24T18:50:17.279238+00:00,fastf1_race_week_baseline_v1,0.33253,8,4.601,4.0,98.0,0.6,teammate delta is positive; reliability signal is stable,fastf1_prediction_baseline_v1
2026-08|HUL|fastf1_v1,2026,8,2026-08,HUL,Audi,2026-08-24T18:50:17.279238+00:00,fastf1_race_week_baseline_v1,0.330618,9,4.535,4.0,98.0,0.6,teammate delta is positive; reliability signal is stable,fastf1_prediction_baseline_v1
2026-08|NOR|fastf1_v1,2026,8,2026-08,NOR,McLaren,2026-08-24T18:50:17.279238+00:00,fastf1_race_week_baseline_v1,0.330343,10,4.526,4.0,98.0,0.6,teammate delta is positive; reliability signal is stable,fastf1_prediction_baseline_v1
2026-08|LAW|fastf1_v1,2026,8,2026-08,LAW,Racing Bulls,2026-08-24T18:50:17.279238+00:00,fastf1_race_week_baseline_v1,0.330205,11,4.521,4.0,92.0,0.6,teammate delta is positive; reliability signal is stable,fastf1_prediction_baseline_v1
2026-08|LIN|fastf1_v1,2026,8,2026-08,LIN,Racing Bulls,2026-08-24T18:50:17.279238+00:00,fastf1_race_week_baseline_v1,0.329795,12,4.508,4.0,86.0,0.6,reliability signal is stable,fastf1_prediction_baseline_v1
2026-08|PIA|fastf1_v1,2026,8,2026-08,PIA,McLaren,2026-08-24T18:50:17.279238+00:00,fastf1_race_week_baseline_v1,0.329657,13,4.503,4.0,80.0,0.6,reliability signal is stable,fastf1_prediction_baseline_v1
2026-08|BOR|fastf1_v1,2026,8,2026-08,BOR,Audi,2026-08-24T18:50:17.279238+00:00,fastf1_race_week_baseline_v1,0.329382,14,4.494,4.0,74.0,0.6,reliability signal is stable,fastf1_prediction_baseline_v1
2026-08|HAM|fastf1_v1,2026,8,2026-08,HAM,Ferrari,2026-08-24T18:50:17.279238+00:00,fastf1_race_week_baseline_v1,0.32747,15,4.43,4.0,68.0,0.6,reliability signal is stable,fastf1_prediction_baseline_v1
2026-08|RUS|fastf1_v1,2026,8,2026-08,RUS,Mercedes,2026-08-24T18:50:17.279238+00:00,fastf1_race_week_baseline_v1,0.326697,16,4.404,4.0,62.0,0.6,reliability signal is stable,fastf1_prediction_baseline_v1
2026-08|COL|fastf1_v1,2026,8,2026-08,COL,Alpine,2026-08-24T18:50:17.279238+00:00,fastf1_race_week_baseline_v1,0.326488,17,4.397,4.0,56.0,0.6,reliability signal is stable,fastf1_prediction_baseline_v1
2026-08|HAD|fastf1_v1,2026,8,2026-08,HAD,Red Bull Racing,2026-08-24T18:50:17.279238+00:00,fastf1_race_week_baseline_v1,0.325434,18,4.363,4.0,50.0,0.6,reliability signal is stable,fastf1_prediction_baseline_v1
2026-08|OCO|fastf1_v1,2026,8,2026-08,OCO,Haas F1 Team,2026-08-24T18:50:17.279238+00:00,fastf1_race_week_baseline_v1,0.324927,19,4.346,4.0,44.0,0.6,reliability signal is stable,fastf1_prediction_baseline_v1
2026-08|SAI|fastf1_v1,2026,8,2026-08,SAI,Williams,2026-08-24T18:50:17.279238+00:00,fastf1_race_week_baseline_v1,0.324825,20,4.343,4.0,38.0,0.6,reliability signal is stable,fastf1_prediction_baseline_v1
2026-08|STR|fastf1_v1,2026,8,2026-08,STR,Aston Martin,2026-08-24T18:50:17.279238+00:00,fastf1_race_week_baseline_v1,0.323051,21,4.285,4.0,32.0,0.6,reliability signal is stable,fastf1_prediction_baseline_v1
2026-08|BOT|fastf1_v1,2026,8,2026-08,BOT,Cadillac,2026-08-24T18:50:17.279238+00:00,fastf1_race_week_baseline_v1,0.28,22,3.103,4.0,26.0,0.6,reliability signal is stable,fastf1_prediction_baseline_v1
2026-09|ALO|fastf1_v1,2026,9,2026-09,ALO,Aston Martin,2026-08-24T18:50:17.279238+00:00,fastf1_race_week_baseline_v1,0.38,1,6.436,79.04,98.0,0.6,teammate delta is positive; reliability signal is stable,fastf1_prediction_baseline_v1
2026-09|BOR|fastf1_v1,2026,9,2026-09,BOR,Audi,2026-08-24T18:50:17.279238+00:00,fastf1_race_week_baseline_v1,0.379928,2,6.433,67.039,98.0,0.6,teammate delta is positive; reliability signal is stable,fastf1_prediction_baseline_v1
2026-09|PER|fastf1_v1,2026,9,2026-09,PER,Cadillac,2026-08-24T18:50:17.279238+00:00,fastf1_race_week_baseline_v1,0.368475,3,5.903,54.948,98.0,0.6,teammate delta is positive; reliability signal is stable,fastf1_prediction_baseline_v1
2026-09|ALB|fastf1_v1,2026,9,2026-09,ALB,Williams,2026-08-24T18:50:17.279238+00:00,fastf1_race_week_baseline_v1,0.365116,4,5.756,42.921,98.0,0.6,teammate delta is positive; reliability signal is stable,fastf1_prediction_baseline_v1
2026-09|BEA|fastf1_v1,2026,9,2026-09,BEA,Haas F1 Team,2026-08-24T18:50:17.279238+00:00,fastf1_race_week_baseline_v1,0.364809,5,5.743,30.918,98.0,0.6,teammate delta is positive; reliability signal is stable,fastf1_prediction_baseline_v1
2026-09|NOR|fastf1_v1,2026,9,2026-09,NOR,McLaren,2026-08-24T18:50:17.279238+00:00,fastf1_race_week_baseline_v1,0.359389,6,5.514,18.875,98.0,0.6,teammate delta is positive; reliability signal is stable,fastf1_prediction_baseline_v1
2026-09|HAM|fastf1_v1,2026,9,2026-09,HAM,Ferrari,2026-08-24T18:50:17.279238+00:00,fastf1_race_week_baseline_v1,0.350123,7,5.144,6.801,98.0,0.6,teammate delta is positive; reliability signal is stable,fastf1_prediction_baseline_v1
2026-09|GAS|fastf1_v1,2026,9,2026-09,GAS,Alpine,2026-08-24T18:50:17.279238+00:00,fastf1_race_week_baseline_v1,0.348931,8,5.098,4.0,98.0,0.6,teammate delta is positive; reliability signal is stable,fastf1_prediction_baseline_v1
2026-09|VER|fastf1_v1,2026,9,2026-09,VER,Red Bull Racing,2026-08-24T18:50:17.279238+00:00,fastf1_race_week_baseline_v1,0.339339,9,4.745,4.0,98.0,0.6,teammate delta is positive; reliability signal is stable,fastf1_prediction_baseline_v1
2026-09|LAW|fastf1_v1,2026,9,2026-09,LAW,Racing Bulls,2026-08-24T18:50:17.279238+00:00,fastf1_race_week_baseline_v1,0.335889,10,4.623,4.0,98.0,0.6,teammate delta is positive; reliability signal is stable,fastf1_prediction_baseline_v1
2026-09|RUS|fastf1_v1,2026,9,2026-09,RUS,Mercedes,2026-08-24T18:50:17.279238+00:00,fastf1_race_week_baseline_v1,0.334426,11,4.573,4.0,92.0,0.6,teammate delta is positive; reliability signal is stable,fastf1_prediction_baseline_v1
2026-09|ANT|fastf1_v1,2026,9,2026-09,ANT,Mercedes,2026-08-24T18:50:17.279238+00:00,fastf1_race_week_baseline_v1,0.325574,12,4.279,4.0,86.0,0.6,reliability signal is stable,fastf1_prediction_baseline_v1
2026-09|LIN|fastf1_v1,2026,9,2026-09,LIN,Racing Bulls,2026-08-24T18:50:17.279238+00:00,fastf1_race_week_baseline_v1,0.324111,13,4.232,4.0,80.0,0.6,reliability signal is stable,fastf1_prediction_baseline_v1
2026-09|HAD|fastf1_v1,2026,9,2026-09,HAD,Red Bull Racing,2026-08-24T18:50:17.279238+00:00,fastf1_race_week_baseline_v1,0.320661,14,4.124,4.0,74.0,0.6,reliability signal is stable,fastf1_prediction_baseline_v1
2026-09|COL|fastf1_v1,2026,9,2026-09,COL,Alpine,2026-08-24T18:50:17.279238+00:00,fastf1_race_week_baseline_v1,0.311069,15,3.838,4.0,68.0,0.6,reliability signal is stable,fastf1_prediction_baseline_v1
2026-09|LEC|fastf1_v1,2026,9,2026-09,LEC,Ferrari,2026-08-24T18:50:17.279238+00:00,fastf1_race_week_baseline_v1,0.309877,16,3.804,4.0,62.0,0.6,reliability signal is stable,fastf1_prediction_baseline_v1
2026-09|PIA|fastf1_v1,2026,9,2026-09,PIA,McLaren,2026-08-24T18:50:17.279238+00:00,fastf1_race_week_baseline_v1,0.300611,17,3.549,4.0,56.0,0.6,reliability signal is stable,fastf1_prediction_baseline_v1
2026-09|OCO|fastf1_v1,2026,9,2026-09,OCO,Haas F1 Team,2026-08-24T18:50:17.279238+00:00,fastf1_race_week_baseline_v1,0.295191,18,3.407,4.0,50.0,0.6,reliability signal is stable,fastf1_prediction_baseline_v1
2026-09|SAI|fastf1_v1,2026,9,2026-09,SAI,Williams,2026-08-24T18:50:17.279238+00:00,fastf1_race_week_baseline_v1,0.294884,19,3.399,4.0,44.0,0.6,reliability signal is stable,fastf1_prediction_baseline_v1
2026-09|BOT|fastf1_v1,2026,9,2026-09,BOT,Cadillac,2026-08-24T18:50:17.279238+00:00,fastf1_race_week_baseline_v1,0.291525,20,3.315,4.0,38.0,0.6,reliability signal is stable,fastf1_prediction_baseline_v1
2026-09|HUL|fastf1_v1,2026,9,2026-09,HUL,Audi,2026-08-24T18:50:17.279238+00:00,fastf1_race_week_baseline_v1,0.280072,21,3.042,4.0,32.0,0.6,reliability signal is stable,fastf1_prediction_baseline_v1
2026-09|STR|fastf1_v1,2026,9,2026-09,STR,Aston Martin,2026-08-24T18:50:17.279238+00:00,fastf1_race_week_baseline_v1,0.28,22,3.04,4.0,26.0,0.6,reliability signal is stable,fastf1_prediction_baseline_v1
2026-10|NOR|fastf1_v1,2026,10,2026-10,NOR,McLaren,2026-08-24T18:50:17.279238+00:00,fastf1_race_week_baseline_v1,0.809448,1,14.339,82.476,98.0,0.95,FP2 long-run pace is in the prediction mix; qualifying pace anchors single-lap competitiveness; reliability signal is stable,fastf1_prediction_baseline_v1
2026-10|HAD|fastf1_v1,2026,10,2026-10,HAD,Red Bull Racing,2026-08-24T18:50:17.279238+00:00,fastf1_race_week_baseline_v1,0.792477,2,12.626,70.34,98.0,0.95,FP2 long-run pace is in the prediction mix; qualifying pace anchors single-lap competitiveness; teammate delta is positive,fastf1_prediction_baseline_v1
2026-10|BEA|fastf1_v1,2026,10,2026-10,BEA,Haas F1 Team,2026-08-24T18:50:17.279238+00:00,fastf1_race_week_baseline_v1,0.752907,3,9.383,58.023,98.0,0.95,FP2 long-run pace is in the prediction mix; qualifying pace anchors single-lap competitiveness; teammate delta is positive,fastf1_prediction_baseline_v1
2026-10|VER|fastf1_v1,2026,10,2026-10,VER,Red Bull Racing,2026-08-24T18:50:17.279238+00:00,fastf1_race_week_baseline_v1,0.70545,4,6.573,45.644,98.0,0.95,FP2 long-run pace is in the prediction mix; qualifying pace anchors single-lap competitiveness; reliability signal is stable,fastf1_prediction_baseline_v1
2026-10|LEC|fastf1_v1,2026,10,2026-10,LEC,Ferrari,2026-08-24T18:50:17.279238+00:00,fastf1_race_week_baseline_v1,0.700432,5,6.331,33.603,98.0,0.95,FP2 long-run pace is in the prediction mix; qualifying pace anchors single-lap competitiveness; teammate delta is positive,fastf1_prediction_baseline_v1
2026-10|BOR|fastf1_v1,2026,10,2026-10,BOR,Audi,2026-08-24T18:50:17.279238+00:00,fastf1_race_week_baseline_v1,0.697739,6,6.204,21.582,98.0,0.95,FP2 long-run pace is in the prediction mix; qualifying pace anchors single-lap competitiveness; teammate delta is positive,fastf1_prediction_baseline_v1
2026-10|GAS|fastf1_v1,2026,10,2026-10,GAS,Alpine,2026-08-24T18:50:17.279238+00:00,fastf1_race_week_baseline_v1,0.69751,7,6.193,9.58,98.0,0.95,FP2 long-run pace is in the prediction mix; qualifying pace anchors single-lap competitiveness; reliability signal is stable,fastf1_prediction_baseline_v1
2026-10|LIN|fastf1_v1,2026,10,2026-10,LIN,Racing Bulls,2026-08-24T18:50:17.279238+00:00,fastf1_race_week_baseline_v1,0.688779,8,5.801,4.0,98.0,0.95,FP2 long-run pace is in the prediction mix; qualifying pace anchors single-lap competitiveness; teammate delta is positive,fastf1_prediction_baseline_v1
2026-10|PIA|fastf1_v1,2026,10,2026-10,PIA,McLaren,2026-08-24T18:50:17.279238+00:00,fastf1_race_week_baseline_v1,0.686643,9,5.709,4.0,98.0,0.95,qualifying pace anchors single-lap competitiveness; teammate delta is positive; reliability signal is stable,fastf1_prediction_baseline_v1
2026-10|SAI|fastf1_v1,2026,10,2026-10,SAI,Williams,2026-08-24T18:50:17.279238+00:00,fastf1_race_week_baseline_v1,0.649637,10,4.325,4.0,98.0,0.95,FP2 long-run pace is in the prediction mix; qualifying pace anchors single-lap competitiveness; teammate delta is positive,fastf1_prediction_baseline_v1
2026-10|ANT|fastf1_v1,2026,10,2026-10,ANT,Mercedes,2026-08-24T18:50:17.279238+00:00,fastf1_race_week_baseline_v1,0.641705,11,4.075,4.0,92.0,0.95,FP2 long-run pace is in the prediction mix; qualifying pace anchors single-lap competitiveness; reliability signal is stable,fastf1_prediction_baseline_v1
2026-10|RUS|fastf1_v1,2026,10,2026-10,RUS,Mercedes,2026-08-24T18:50:17.279238+00:00,fastf1_race_week_baseline_v1,0.586382,12,2.691,4.0,86.0,0.95,FP2 long-run pace is in the prediction mix; qualifying pace anchors single-lap competitiveness; teammate delta is positive,fastf1_prediction_baseline_v1
2026-10|HAM|fastf1_v1,2026,10,2026-10,HAM,Ferrari,2026-08-24T18:50:17.279238+00:00,fastf1_race_week_baseline_v1,0.563551,13,2.268,4.0,80.0,0.95,FP2 long-run pace is in the prediction mix; qualifying pace anchors single-lap competitiveness; reliability signal is stable,fastf1_prediction_baseline_v1
2026-10|ALB|fastf1_v1,2026,10,2026-10,ALB,Williams,2026-08-24T18:50:17.279238+00:00,fastf1_race_week_baseline_v1,0.552333,14,2.085,4.0,74.0,0.95,FP2 long-run pace is in the prediction mix; qualifying pace anchors single-lap competitiveness; reliability signal is stable,fastf1_prediction_baseline_v1
2026-10|PER|fastf1_v1,2026,10,2026-10,PER,Cadillac,2026-08-24T18:50:17.279238+00:00,fastf1_race_week_baseline_v1,0.548477,15,2.025,4.0,68.0,0.95,FP2 long-run pace is in the prediction mix; qualifying pace anchors single-lap competitiveness; reliability signal is stable,fastf1_prediction_baseline_v1
2026-10|ALO|fastf1_v1,2026,10,2026-10,ALO,Aston Martin,2026-08-24T18:50:17.279238+00:00,fastf1_race_week_baseline_v1,0.533507,16,1.81,4.0,62.0,0.95,FP2 long-run pace is in the prediction mix; qualifying pace anchors single-lap competitiveness; teammate delta is positive,fastf1_prediction_baseline_v1
2026-10|COL|fastf1_v1,2026,10,2026-10,COL,Alpine,2026-08-24T18:50:17.279238+00:00,fastf1_race_week_baseline_v1,0.531001,17,1.777,4.0,56.0,0.95,FP2 long-run pace is in the prediction mix; qualifying pace anchors single-lap competitiveness; teammate delta is positive,fastf1_prediction_baseline_v1
2026-10|LAW|fastf1_v1,2026,10,2026-10,LAW,Racing Bulls,2026-08-24T18:50:17.279238+00:00,fastf1_race_week_baseline_v1,0.526349,18,1.716,4.0,50.0,0.95,FP2 long-run pace is in the prediction mix; qualifying pace anchors single-lap competitiveness; reliability signal is stable,fastf1_prediction_baseline_v1
2026-10|BOT|fastf1_v1,2026,10,2026-10,BOT,Cadillac,2026-08-24T18:50:17.279238+00:00,fastf1_race_week_baseline_v1,0.492196,19,1.328,4.0,44.0,0.95,FP2 long-run pace is in the prediction mix; qualifying pace anchors single-lap competitiveness; teammate delta is positive,fastf1_prediction_baseline_v1
2026-10|HUL|fastf1_v1,2026,10,2026-10,HUL,Audi,2026-08-24T18:50:17.279238+00:00,fastf1_race_week_baseline_v1,0.473112,20,1.151,4.0,38.0,0.95,FP2 long-run pace is in the prediction mix; qualifying pace anchors single-lap competitiveness; reliability signal is stable,fastf1_prediction_baseline_v1
2026-10|CRA|fastf1_v1,2026,10,2026-10,CRA,Aston Martin,2026-08-24T18:50:17.279238+00:00,fastf1_race_week_baseline_v1,0.39811,21,0.656,4.0,32.0,0.6,reliability signal is stable,fastf1_prediction_baseline_v1
2026-10|OCO|fastf1_v1,2026,10,2026-10,OCO,Haas F1 Team,2026-08-24T18:50:17.279238+00:00,fastf1_race_week_baseline_v1,0.391783,22,0.625,4.0,26.0,0.95,FP2 long-run pace is in the prediction mix; qualifying pace anchors single-lap competitiveness; reliability signal is stable,fastf1_prediction_baseline_v1
2026-10|STR|fastf1_v1,2026,10,2026-10,STR,Aston Martin,2026-08-24T18:50:17.279238+00:00,fastf1_race_week_baseline_v1,0.298168,23,0.31,4.0,20.0,0.95,FP2 long-run pace is in the prediction mix; qualifying pace anchors single-lap competitiveness; reliability signal is stable,fastf1_prediction_baseline_v1
2026-11|NOR|fastf1_v1,2026,11,2026-11,NOR,McLaren,2026-08-24T18:50:17.279238+00:00,fastf1_race_week_baseline_v1,0.919445,1,22.02,83.356,98.0,0.95,FP2 long-run pace is in the prediction mix; qualifying pace anchors single-lap competitiveness; teammate delta is positive,fastf1_prediction_baseline_v1
2026-11|HAM|fastf1_v1,2026,11,2026-11,HAM,Ferrari,2026-08-24T18:50:17.279238+00:00,fastf1_race_week_baseline_v1,0.86796,2,14.966,70.944,98.0,0.95,FP2 long-run pace is in the prediction mix; qualifying pace anchors single-lap competitiveness; reliability signal is stable,fastf1_prediction_baseline_v1
2026-11|LEC|fastf1_v1,2026,11,2026-11,LEC,Ferrari,2026-08-24T18:50:17.279238+00:00,fastf1_race_week_baseline_v1,0.802385,3,9.152,58.419,98.0,0.95,FP2 long-run pace is in the prediction mix; qualifying pace anchors single-lap competitiveness; teammate delta is positive,fastf1_prediction_baseline_v1
2026-11|RUS|fastf1_v1,2026,11,2026-11,RUS,Mercedes,2026-08-24T18:50:17.279238+00:00,fastf1_race_week_baseline_v1,0.796467,4,8.755,46.372,98.0,0.95,FP2 long-run pace is in the prediction mix; qualifying pace anchors single-lap competitiveness; reliability signal is stable,fastf1_prediction_baseline_v1
2026-11|PIA|fastf1_v1,2026,11,2026-11,PIA,McLaren,2026-08-24T18:50:17.279238+00:00,fastf1_race_week_baseline_v1,0.767779,5,7.06,34.142,98.0,0.95,FP2 long-run pace is in the prediction mix; qualifying pace anchors single-lap competitiveness; reliability signal is stable,fastf1_prediction_baseline_v1
2026-11|VER|fastf1_v1,2026,11,2026-11,VER,Red Bull Racing,2026-08-24T18:50:17.279238+00:00,fastf1_race_week_baseline_v1,0.746282,6,6.009,21.97,98.0,0.95,FP2 long-run pace is in the prediction mix; qualifying pace anchors single-lap competitiveness; teammate delta is positive,fastf1_prediction_baseline_v1
2026-11|HUL|fastf1_v1,2026,11,2026-11,HUL,Audi,2026-08-24T18:50:17.279238+00:00,fastf1_race_week_baseline_v1,0.704159,7,4.381,9.633,98.0,0.95,FP2 long-run pace is in the prediction mix; qualifying pace anchors single-lap competitiveness; teammate delta is positive,fastf1_prediction_baseline_v1
2026-11|GAS|fastf1_v1,2026,11,2026-11,GAS,Alpine,2026-08-24T18:50:17.279238+00:00,fastf1_race_week_baseline_v1,0.685058,8,3.796,4.0,98.0,0.95,FP2 long-run pace is in the prediction mix; qualifying pace anchors single-lap competitiveness; teammate delta is positive,fastf1_prediction_baseline_v1
2026-11|LAW|fastf1_v1,2026,11,2026-11,LAW,Racing Bulls,2026-08-24T18:50:17.279238+00:00,fastf1_race_week_baseline_v1,0.675102,9,3.523,4.0,98.0,0.95,FP2 long-run pace is in the prediction mix; qualifying pace anchors single-lap competitiveness; teammate delta is positive,fastf1_prediction_baseline_v1
2026-11|ANT|fastf1_v1,2026,11,2026-11,ANT,Mercedes,2026-08-24T18:50:17.279238+00:00,fastf1_race_week_baseline_v1,0.652527,10,2.974,4.0,98.0,0.95,FP2 long-run pace is in the prediction mix; qualifying pace anchors single-lap competitiveness; teammate delta is positive,fastf1_prediction_baseline_v1
2026-11|LIN|fastf1_v1,2026,11,2026-11,LIN,Racing Bulls,2026-08-24T18:50:17.279238+00:00,fastf1_race_week_baseline_v1,0.632108,11,2.552,4.0,92.0,0.95,FP2 long-run pace is in the prediction mix; qualifying pace anchors single-lap competitiveness; reliability signal is stable,fastf1_prediction_baseline_v1
2026-11|OCO|fastf1_v1,2026,11,2026-11,OCO,Haas F1 Team,2026-08-24T18:50:17.279238+00:00,fastf1_race_week_baseline_v1,0.630961,12,2.53,4.0,86.0,0.95,FP2 long-run pace is in the prediction mix; qualifying pace anchors single-lap competitiveness; teammate delta is positive,fastf1_prediction_baseline_v1
2026-11|SAI|fastf1_v1,2026,11,2026-11,SAI,Williams,2026-08-24T18:50:17.279238+00:00,fastf1_race_week_baseline_v1,0.58449,13,1.786,4.0,80.0,0.95,FP2 long-run pace is in the prediction mix; qualifying pace anchors single-lap competitiveness; teammate delta is positive,fastf1_prediction_baseline_v1
2026-11|BEA|fastf1_v1,2026,11,2026-11,BEA,Haas F1 Team,2026-08-24T18:50:17.279238+00:00,fastf1_race_week_baseline_v1,0.549656,14,1.375,4.0,74.0,0.95,FP2 long-run pace is in the prediction mix; qualifying pace anchors single-lap competitiveness; reliability signal is stable,fastf1_prediction_baseline_v1
2026-11|ALO|fastf1_v1,2026,11,2026-11,ALO,Aston Martin,2026-08-24T18:50:17.279238+00:00,fastf1_race_week_baseline_v1,0.540727,15,1.286,4.0,68.0,0.95,FP2 long-run pace is in the prediction mix; qualifying pace anchors single-lap competitiveness; teammate delta is positive,fastf1_prediction_baseline_v1
2026-11|HAD|fastf1_v1,2026,11,2026-11,HAD,Red Bull Racing,2026-08-24T18:50:17.279238+00:00,fastf1_race_week_baseline_v1,0.517756,16,1.082,4.0,62.0,0.95,FP2 long-run pace is in the prediction mix; qualifying pace anchors single-lap competitiveness; reliability signal is stable,fastf1_prediction_baseline_v1
2026-11|PER|fastf1_v1,2026,11,2026-11,PER,Cadillac,2026-08-24T18:50:17.279238+00:00,fastf1_race_week_baseline_v1,0.49496,17,0.912,4.0,56.0,0.95,FP2 long-run pace is in the prediction mix; qualifying pace anchors single-lap competitiveness; reliability signal is stable,fastf1_prediction_baseline_v1
2026-11|COL|fastf1_v1,2026,11,2026-11,COL,Alpine,2026-08-24T18:50:17.279238+00:00,fastf1_race_week_baseline_v1,0.486239,18,0.855,4.0,50.0,0.95,FP2 long-run pace is in the prediction mix; qualifying pace anchors single-lap competitiveness; reliability signal is stable,fastf1_prediction_baseline_v1
2026-11|BOT|fastf1_v1,2026,11,2026-11,BOT,Cadillac,2026-08-24T18:50:17.279238+00:00,fastf1_race_week_baseline_v1,0.46595,19,0.734,4.0,44.0,0.95,FP2 long-run pace is in the prediction mix; qualifying pace anchors single-lap competitiveness; teammate delta is positive,fastf1_prediction_baseline_v1
2026-11|BOR|fastf1_v1,2026,11,2026-11,BOR,Audi,2026-08-24T18:50:17.279238+00:00,fastf1_race_week_baseline_v1,0.4642,20,0.724,4.0,38.0,0.95,FP2 long-run pace is in the prediction mix; qualifying pace anchors single-lap competitiveness; reliability signal is stable,fastf1_prediction_baseline_v1
2026-11|STR|fastf1_v1,2026,11,2026-11,STR,Aston Martin,2026-08-24T18:50:17.279238+00:00,fastf1_race_week_baseline_v1,0.444596,21,0.625,4.0,32.0,0.95,qualifying pace anchors single-lap competitiveness; reliability signal is stable,fastf1_prediction_baseline_v1
2026-11|FOR|fastf1_v1,2026,11,2026-11,FOR,McLaren,2026-08-24T18:50:17.279238+00:00,fastf1_race_week_baseline_v1,0.420347,22,0.521,4.0,26.0,0.6,teammate delta is positive; reliability signal is stable,fastf1_prediction_baseline_v1
2026-11|VES|fastf1_v1,2026,11,2026-11,VES,Mercedes,2026-08-24T18:50:17.279238+00:00,fastf1_race_week_baseline_v1,0.414948,23,0.501,4.0,20.0,0.6,reliability signal is stable,fastf1_prediction_baseline_v1
2026-11|HER|fastf1_v1,2026,11,2026-11,HER,Cadillac,2026-08-24T18:50:17.279238+00:00,fastf1_race_week_baseline_v1,0.410977,24,0.486,4.0,14.0,0.6,reliability signal is stable,fastf1_prediction_baseline_v1
2026-11|HIR|fastf1_v1,2026,11,2026-11,HIR,Haas F1 Team,2026-08-24T18:50:17.279238+00:00,fastf1_race_week_baseline_v1,0.408377,25,0.477,4.0,8.0,0.6,reliability signal is stable,fastf1_prediction_baseline_v1
2026-11|ARO|fastf1_v1,2026,11,2026-11,ARO,Alpine,2026-08-24T18:50:17.279238+00:00,fastf1_race_week_baseline_v1,0.403837,26,0.461,4.0,8.0,0.6,reliability signal is stable,fastf1_prediction_baseline_v1
2026-11|ALB|fastf1_v1,2026,11,2026-11,ALB,Williams,2026-08-24T18:50:17.279238+00:00,fastf1_race_week_baseline_v1,0.402397,27,0.456,4.0,8.0,0.95,FP2 long-run pace is in the prediction mix; qualifying pace anchors single-lap competitiveness; reliability signal is stable,fastf1_prediction_baseline_v1
2026-12|NOR|fastf1_v1,2026,12,2026-12,NOR,McLaren,2026-08-24T18:50:17.279238+00:00,fastf1_race_week_baseline_v1,0.454086,1,8.38,79.633,98.0,0.65,qualifying pace anchors single-lap competitiveness; teammate delta is positive; reliability signal is stable,fastf1_prediction_baseline_v1
2026-12|RUS|fastf1_v1,2026,12,2026-12,RUS,Mercedes,2026-08-24T18:50:17.279238+00:00,fastf1_race_week_baseline_v1,0.446946,2,7.943,67.576,98.0,0.65,qualifying pace anchors single-lap competitiveness; teammate delta is positive; reliability signal is stable,fastf1_prediction_baseline_v1
2026-12|ANT|fastf1_v1,2026,12,2026-12,ANT,Mercedes,2026-08-24T18:50:17.279238+00:00,fastf1_race_week_baseline_v1,0.436645,3,7.352,55.493,98.0,0.65,qualifying pace anchors single-lap competitiveness; reliability signal is stable,fastf1_prediction_baseline_v1
2026-12|PIA|fastf1_v1,2026,12,2026-12,PIA,McLaren,2026-08-24T18:50:17.279238+00:00,fastf1_race_week_baseline_v1,0.435998,4,7.317,43.488,98.0,0.65,qualifying pace anchors single-lap competitiveness; reliability signal is stable,fastf1_prediction_baseline_v1
2026-12|LEC|fastf1_v1,2026,12,2026-12,LEC,Ferrari,2026-08-24T18:50:17.279238+00:00,fastf1_race_week_baseline_v1,0.434224,5,7.22,31.474,98.0,0.65,qualifying pace anchors single-lap competitiveness; teammate delta is positive; reliability signal is stable,fastf1_prediction_baseline_v1
2026-12|VER|fastf1_v1,2026,12,2026-12,VER,Red Bull Racing,2026-08-24T18:50:17.279238+00:00,fastf1_race_week_baseline_v1,0.415195,6,6.26,19.322,98.0,0.6,qualifying pace anchors single-lap competitiveness; reliability signal is stable,fastf1_prediction_baseline_v1
2026-12|HAM|fastf1_v1,2026,12,2026-12,HAM,Ferrari,2026-08-24T18:50:17.279238+00:00,fastf1_race_week_baseline_v1,0.415081,7,6.254,7.321,98.0,0.65,qualifying pace anchors single-lap competitiveness; reliability signal is stable,fastf1_prediction_baseline_v1
2026-12|LAW|fastf1_v1,2026,12,2026-12,LAW,Red Bull Racing,2026-08-24T18:50:17.279238+00:00,fastf1_race_week_baseline_v1,0.412624,8,6.14,4.0,98.0,0.65,qualifying pace anchors single-lap competitiveness; teammate delta is positive; reliability signal is stable,fastf1_prediction_baseline_v1
2026-12|LIN|fastf1_v1,2026,12,2026-12,LIN,Racing Bulls,2026-08-24T18:50:17.279238+00:00,fastf1_race_week_baseline_v1,0.392324,9,5.273,4.0,98.0,0.65,qualifying pace anchors single-lap competitiveness; teammate delta is positive; reliability signal is stable,fastf1_prediction_baseline_v1
2026-12|BOR|fastf1_v1,2026,12,2026-12,BOR,Audi,2026-08-24T18:50:17.279238+00:00,fastf1_race_week_baseline_v1,0.389859,10,5.176,4.0,98.0,0.65,qualifying pace anchors single-lap competitiveness; teammate delta is positive; reliability signal is stable,fastf1_prediction_baseline_v1
2026-12|GAS|fastf1_v1,2026,12,2026-12,GAS,Alpine,2026-08-24T18:50:17.279238+00:00,fastf1_race_week_baseline_v1,0.362665,11,4.221,4.0,92.0,0.65,qualifying pace anchors single-lap competitiveness; teammate delta is positive; reliability signal is stable,fastf1_prediction_baseline_v1
2026-12|OCO|fastf1_v1,2026,12,2026-12,OCO,Haas F1 Team,2026-08-24T18:50:17.279238+00:00,fastf1_race_week_baseline_v1,0.362159,12,4.205,4.0,86.0,0.65,qualifying pace anchors single-lap competitiveness; teammate delta is positive; reliability signal is stable,fastf1_prediction_baseline_v1
2026-12|ALB|fastf1_v1,2026,12,2026-12,ALB,Williams,2026-08-24T18:50:17.279238+00:00,fastf1_race_week_baseline_v1,0.345919,13,3.723,4.0,80.0,0.65,qualifying pace anchors single-lap competitiveness; teammate delta is positive; reliability signal is stable,fastf1_prediction_baseline_v1
2026-12|HUL|fastf1_v1,2026,12,2026-12,HUL,Audi,2026-08-24T18:50:17.279238+00:00,fastf1_race_week_baseline_v1,0.344078,14,3.672,4.0,74.0,0.68,qualifying pace anchors single-lap competitiveness; reliability signal is stable,fastf1_prediction_baseline_v1
2026-12|TSU|fastf1_v1,2026,12,2026-12,TSU,Racing Bulls,2026-08-24T18:50:17.279238+00:00,fastf1_race_week_baseline_v1,0.334083,15,3.407,4.0,68.0,0.65,qualifying pace anchors single-lap competitiveness; reliability signal is stable,fastf1_prediction_baseline_v1
2026-12|COL|fastf1_v1,2026,12,2026-12,COL,Alpine,2026-08-24T18:50:17.279238+00:00,fastf1_race_week_baseline_v1,0.321565,16,3.102,4.0,62.0,0.65,qualifying pace anchors single-lap competitiveness; reliability signal is stable,fastf1_prediction_baseline_v1
2026-12|ALO|fastf1_v1,2026,12,2026-12,ALO,Aston Martin,2026-08-24T18:50:17.279238+00:00,fastf1_race_week_baseline_v1,0.280411,17,2.278,4.0,56.0,0.65,qualifying pace anchors single-lap competitiveness; teammate delta is positive; reliability signal is stable,fastf1_prediction_baseline_v1
2026-12|STR|fastf1_v1,2026,12,2026-12,STR,Aston Martin,2026-08-24T18:50:17.279238+00:00,fastf1_race_week_baseline_v1,0.260532,18,1.962,4.0,50.0,0.65,qualifying pace anchors single-lap competitiveness; reliability signal is stable,fastf1_prediction_baseline_v1
2026-12|SAI|fastf1_v1,2026,12,2026-12,SAI,Williams,2026-08-24T18:50:17.279238+00:00,fastf1_race_week_baseline_v1,0.244742,19,1.743,4.0,44.0,0.65,qualifying pace anchors single-lap competitiveness; reliability signal is stable,fastf1_prediction_baseline_v1
2026-12|BEA|fastf1_v1,2026,12,2026-12,BEA,Haas F1 Team,2026-08-24T18:50:17.279238+00:00,fastf1_race_week_baseline_v1,0.226047,20,1.515,4.0,38.0,0.68,qualifying pace anchors single-lap competitiveness; reliability signal is stable,fastf1_prediction_baseline_v1
2026-12|BOT|fastf1_v1,2026,12,2026-12,BOT,Cadillac,2026-08-24T18:50:17.279238+00:00,fastf1_race_week_baseline_v1,0.224565,21,1.498,4.0,32.0,0.65,qualifying pace anchors single-lap competitiveness; reliability signal is stable,fastf1_prediction_baseline_v1
2026-12|PER|fastf1_v1,2026,12,2026-12,PER,Cadillac,2026-08-24T18:50:17.279238+00:00,fastf1_race_week_baseline_v1,0.211426,22,1.358,4.0,26.0,0.65,qualifying pace anchors single-lap competitiveness; teammate delta is positive; reliability signal is stable,fastf1_prediction_baseline_v1
